Track URI,Track Name,Album Name,Artist Name(s),Release Date,Duration (ms),Popularity,Explicit,Added By,Added At,Genres,Record Label,Danceability,Energy,Key,Loudness,Mode,Speechiness,Acousticness,Instrumentalness,Liveness,Valence,Tempo,Time Signature
spotify:track:3zakx7RAwdkUQlOoQ7SJRt,"GRAVITY (FEAT. TYLER, THE CREATOR)",WASTELAND,"Brent Faiyaz;Dahi;Tyler, The Creator",2022-07-08,214692,67,true,dalootrobber2121,2022-08-25T03:41:46Z,r&b,"Lost Kids LLC., Marketed by Venice / Stem",0.541,0.619,1,-8.746,0,0.254,0.167,0.00633,0.144,0.491,163.908,4
spotify:track:00imgaPlYRrMGn9o83hfmk,LOOSE CHANGE,WASTELAND,Brent Faiyaz,2022-07-08,226011,62,true,dalootrobber2121,2022-08-25T03:41:53Z,r&b,"Lost Kids LLC., Marketed by Venice / Stem",0.574,0.369,1,-8.931,0,0.0814,0.753,0,0.147,0.44,84.975,4
spotify:track:01VzuxoBYMAJLObfU0w6dI,ADDICTIONS (FEAT. Tre' Amani),WASTELAND,Brent Faiyaz;Tre' Amani,2022-07-08,192010,62,true,dalootrobber2121,2022-08-25T03:42:00Z,r&b,"Lost Kids LLC., Marketed by Venice / Stem",0.889,0.489,10,-8.587,0,0.108,0.0209,0.0000178,0.0814,0.843,93.039,4
spotify:track:3EG9FJ0ToLfgnc1IG2Z1wz,SWEET / I THOUGHT YOU WANTED TO DANCE (feat. Brent Faiyaz & Fana Hues),CALL ME IF YOU GET LOST,"Tyler, The Creator;Brent Faiyaz;Fana Hues",2021-06-25,588139,73,true,dalootrobber2121,2022-08-25T03:42:13Z,"r&b,alternative r&b",Columbia,0.468,0.652,0,-4.912,1,0.0722,0.333,0.000318,0.55,0.39,140.223,4
spotify:track:2c2tlXfEmLgUNvxngIi1qL,DEAD MAN WALKING,WASTELAND,Brent Faiyaz,2022-07-08,247079,73,true,dalootrobber2121,2022-08-25T03:42:21Z,r&b,"Lost Kids LLC., Marketed by Venice / Stem",0.51,0.272,9,-13.763,0,0.0557,0.303,0,0.0958,0.435,143.984,4
spotify:track:6FBzhcfgGacfXF3AmtfEaX,C U Girl,C U Girl,Steve Lacy,2015-02-15,129697,77,false,dalootrobber2121,2022-08-25T03:43:39Z,,L-M Records,0.414,0.473,11,-8.911,0,0.116,0.663,0.0523,0.128,0.409,100,4
spotify:track:7KhJdiu4zbPlhlImRLIyDl,Prom Night,Prom Night,Riovaz,2020-04-01,145899,69,false,dalootrobber2121,2022-08-25T03:44:33Z,,Riovaz,0.813,0.608,7,-9.918,1,0.169,0.355,0.00000856,0.0963,0.0512,149.251,4
spotify:track:4XvcHTUfIlWfyJTRG0aqlo,2055,Still Sleep?,Sleepy Hallow,2021-06-02,123986,75,true,dalootrobber2121,2022-08-25T03:44:55Z,"brooklyn drill,new york drill",Winners Circle/RCA Records,0.829,0.512,6,-5.865,0,0.187,0.492,0,0.12,0.638,80.511,4
spotify:track:1eQBEelI2NCy7AUTerX0KS,Ultralight Beam,The Life Of Pablo,Kanye West,2016-06-10,320680,67,true,dalootrobber2121,2022-08-25T03:45:54Z,rap,Rock The World/IDJ/Kanye LP7,0.592,0.403,0,-8.768,0,0.414,0.62,0,0.54,0.391,105.169,4
spotify:track:4DCSx7XCBxYWuc71WL02j2,just cant,What We Have,Summrs,2021-06-13,142716,0,true,dalootrobber2121,2022-08-25T03:46:01Z,underground hip hop,Summrs,0.687,0.506,5,-11.653,0,0.166,0.66,0,0.0996,0.328,141.979,5
spotify:track:4xKQtLZn8m2d2KJy13ZujE,PRICE OF FAME,WASTELAND,Brent Faiyaz,2022-07-08,379004,58,true,dalootrobber2121,2022-08-25T03:47:04Z,r&b,"Lost Kids LLC., Marketed by Venice / Stem",0.428,0.367,9,-9.905,1,0.0914,0.132,0,0.149,0.174,71.184,4
spotify:track:0qXP5fMhxGzxALOkXYUxfP,Loverboy,Helios,A-Wall,2019-08-04,224520,1,false,dalootrobber2121,2022-08-25T03:47:29Z,bedroom pop,Lord A-Wall Records,0.604,0.466,0,-10.093,1,0.0315,0.649,0.0334,0.093,0.499,120.045,4
spotify:track:4mgSk2zxeT03FLtSlnzxwt,ANGEL,WASTELAND,Brent Faiyaz,2022-07-08,219241,52,true,dalootrobber2121,2022-08-25T03:48:07Z,r&b,"Lost Kids LLC., Marketed by Venice / Stem",0.461,0.46,6,-7.949,0,0.0307,0.591,0,0.0847,0.31,75.141,4
spotify:track:0TYq1cxJXPGGjO0bYHDH2L,Basketball Dreams (Intro),Still Sleep?,Sleepy Hallow,2021-06-02,91923,61,true,dalootrobber2121,2022-08-25T03:48:16Z,"brooklyn drill,new york drill",Winners Circle/RCA Records,0.587,0.282,6,-11.902,0,0.308,0.947,0,0.11,0.53,188.37,4
spotify:track:5mCPDVBb16L4XQwDdbRUpz,Passionfruit,More Life,Drake,2017-03-18,298940,87,true,dalootrobber2121,2022-08-25T03:49:12Z,rap,Cash Money Records/Young Money Ent./Universal Rec.,0.809,0.463,11,-11.377,1,0.0396,0.256,0.085,0.109,0.364,111.98,4
spotify:track:5TXDeTFVRVY7Cvt0Dw4vWW,Revenge,17,XXXTENTACION,2017-08-25,120026,81,true,dalootrobber2121,2022-08-25T03:49:37Z,emo rap,Bad Vibes Forever / EMPIRE,0.746,0.251,11,-16.169,0,0.259,0.782,0.00203,0.106,0.18,139.999,4
spotify:track:3lLT1GM0h5bJXv0lToc4zw,Murda She Wrote,Still Sleep?,Sleepy Hallow,2021-06-02,126393,54,true,dalootrobber2121,2022-08-25T03:50:27Z,"brooklyn drill,new york drill",Winners Circle/RCA Records,0.609,0.355,8,-11.1,0,0.229,0.787,0,0.0903,0.682,176.065,4
spotify:track:5hVghJ4KaYES3BFUATCYn0,EARFQUAKE,IGOR,"Tyler, The Creator",2019-05-17,190072,78,true,dalootrobber2121,2022-08-25T03:51:12Z,,Columbia,0.554,0.498,9,-8.866,1,0.0685,0.23,0.00000598,0.795,0.413,79.635,4
spotify:track:7KA4W4McWYRpgf0fWsJZWB,See You Again (feat. Kali Uchis),Flower Boy,"Tyler, The Creator;Kali Uchis",2017-07-21,180386,88,true,dalootrobber2121,2022-08-25T03:51:23Z,,Columbia,0.558,0.559,6,-9.222,1,0.0959,0.371,0.00000749,0.109,0.62,78.558,4
spotify:track:1VLtjHwRWOVJiE5Py7JxoQ,Martin & Gina,THE GOAT,Polo G,2020-05-15,132832,77,true,dalootrobber2121,2022-08-25T03:51:55Z,,Columbia,0.832,0.534,1,-7.813,0,0.253,0.345,0,0.165,0.116,93.924,4
spotify:track:6mghCOaaSvrke0z1EUVUIf,"Hey, Soul Sister","Save Me, San Francisco (Golden Gate Edition)",Train,2009,216773,0,false,dalootrobber2121,2022-08-25T03:55:02Z,soft pop,Columbia,0.674,0.89,1,-4.446,0,0.0459,0.203,0,0.0819,0.737,97.02,4
spotify:track:13HVjjWUZFaWilh2QUJKsP,Let It Go,Chaos And The Calm,James Bay,2015-03-23,260532,62,false,dalootrobber2121,2022-08-25T03:56:00Z,,Mercury Records/Republic Owned,0.536,0.311,1,-10.396,1,0.0288,0.82,0.0000165,0.107,0.246,147.486,4
spotify:track:58k32my5lKofeZRtIvBDg9,HONEST,DIE FOR MY BITCH,Baby Keem,2019-07-19,172672,75,true,dalootrobber2121,2022-08-30T17:09:50Z,,Baby Keem LLC,0.676,0.536,2,-8.79,1,0.0432,0.403,0.0000337,0.105,0.373,79.037,4
spotify:track:3FAJ6O0NOHQV8Mc5Ri6ENp,Heartbreak Anniversary,TAKE TIME,GIVĒON,2020-03-27,198370,77,false,dalootrobber2121,2022-09-17T02:21:39Z,r&b,Epic/Not So Fast,0.449,0.465,0,-8.964,1,0.0791,0.524,0.00000102,0.303,0.543,89.087,3
spotify:track:0fv2KH6hac06J86hBUTcSf,NEW MAGIC WAND,IGOR,"Tyler, The Creator",2019-05-17,195327,77,true,dalootrobber2121,2022-09-19T18:18:06Z,,Columbia,0.621,0.73,5,-5.414,0,0.107,0.0967,0.000131,0.673,0.464,139.566,4
spotify:track:6kD7n19O9VEYQwENniEvPi,4:44 Am,4:44 Am,Kochetkovv,2018-07-08,121965,0,false,dalootrobber2121,2022-09-23T13:35:37Z,,Create Capital,0.809,0.282,0,-10.038,1,0.433,0.975,0.00176,0.202,0.778,129.89,4
spotify:track:3NanY0K4okhIQzL33U5Ad8,Boy's a Liar,Boy's a liar,PinkPantheress,2022-11-30,131253,65,false,dalootrobber2121,2022-12-06T00:21:41Z,bedroom pop,Warner Records,0.656,0.838,5,-8.407,1,0.041,0.25,0.00281,0.207,0.74,132.981,4
spotify:track:4S4QJfBGGrC8jRIjJHf1Ka,Pain,to hell with it,PinkPantheress,2021-10-15,98544,82,false,dalootrobber2121,2022-12-06T00:21:45Z,bedroom pop,Parlophone UK,0.829,0.617,1,-8.497,1,0.14,0.227,0.00306,0.0618,0.81,125.605,4
spotify:track:78ul3D77noQsYjSwvwiPU1,Break It Off - Bonus,to hell with it,PinkPantheress,2021-10-15,96133,76,false,dalootrobber2121,2022-12-06T00:23:54Z,bedroom pop,Parlophone UK,0.552,0.904,11,-4.891,0,0.114,0.0027,0.00000885,0.0786,0.746,171.788,4
spotify:track:0wXuerDYiBnERgIpbb3JBR,Redbone,"""Awaken, My Love!""",Childish Gambino,2016-12-02,326933,3,true,dalootrobber2121,2023-01-17T23:53:33Z,,Glassnote Entertainment Group LLC,0.743,0.344,1,-11.174,1,0.118,0.169,0.00879,0.103,0.577,160.15,4
spotify:track:31tf1qEai5o5f4r66Kd0pU,Me and Your Mama,"""Awaken, My Love!""",Childish Gambino,2016-12-02,379226,1,false,dalootrobber2121,2023-01-17T23:53:40Z,,Glassnote Entertainment Group LLC,0.554,0.433,5,-12.628,1,0.0341,0.0116,0.0449,0.0667,0.237,117.996,3
spotify:track:3phwC9mMlIwLuTuhReiYia,L.A.,Sonder Son,Brent Faiyaz,2017-10-13,316045,62,true,dalootrobber2121,2023-01-30T03:51:43Z,r&b,Lost Kids,0.517,0.598,8,-10.251,0,0.1,0.275,0.000542,0.276,0.528,140.131,4
spotify:track:7LaI3mRTJu66r9HKdv7iBx,Gang Over Luv,Sonder Son,Brent Faiyaz,2017-10-13,204841,70,false,dalootrobber2121,2023-01-30T03:56:43Z,r&b,Lost Kids,0.781,0.277,8,-9.35,1,0.326,0.0408,0.000339,0.0754,0.302,163.987,4
spotify:track:5YbHnEYZFkOxLsp5syLMLy,BAD LUCK,WASTELAND,Brent Faiyaz,2022-07-08,162009,59,true,dalootrobber2121,2023-01-30T03:57:04Z,r&b,"Lost Kids LLC., Marketed by Venice / Stem",0.604,0.473,5,-8.866,0,0.0907,0.356,0.00000198,0.163,0.349,90.97,4
spotify:track:5NijSs5dAwaIybq1GaRTIe,Poison,Poison,Brent Faiyaz,2016-08-03,212992,76,false,dalootrobber2121,2023-01-30T04:03:47Z,r&b,Lost Kids,0.689,0.394,2,-10.102,0,0.065,0.711,0.000905,0.0859,0.382,117.489,3
spotify:track:4t5Zj9I7WDYFaYlSif13lV,Insecure,A.M. Paradox,Brent Faiyaz,2016-09-20,245619,62,true,dalootrobber2121,2023-01-30T04:08:01Z,r&b,"Lost Kids, LLC",0.534,0.306,11,-11.341,0,0.0659,0.507,0,0.591,0.379,139.823,4
spotify:track:2J6OF7CkpdQGSfm1wdclqn,Clouded,Fuck The World,Brent Faiyaz,2020-02-07,110128,75,true,dalootrobber2121,2023-01-30T04:09:37Z,r&b,Lost Kids,0.583,0.344,2,-8.765,1,0.0559,0.774,0,0.143,0.581,65.203,3
spotify:track:5QvBXUm5MglLJ3iBfTX2Wo,RUNNING OUT OF TIME,IGOR,"Tyler, The Creator",2019-05-17,177219,73,true,dalootrobber2121,2023-01-31T02:15:09Z,,Columbia,0.36,0.391,6,-10.6,1,0.0528,0.296,0.000406,0.129,0.162,84.281,4
spotify:track:4riDfclV7kPDT9D58FpmHd,Some,Some,Steve Lacy,2016-10-31,118393,75,true,dalootrobber2121,2023-01-31T02:32:48Z,,L-M Records,0.784,0.554,7,-6.417,1,0.03,0.00548,0.254,0.0995,0.634,104.01,4
spotify:track:2IlT65thKQQw248mhk2PjQ,JACKIE BROWN,WASTELAND,Brent Faiyaz,2022-07-08,169013,69,true,dalootrobber2121,2023-03-05T01:27:27Z,r&b,"Lost Kids LLC., Marketed by Venice / Stem",0.726,0.353,10,-10.273,1,0.105,0.65,0.002,0.224,0.503,137.66,4
spotify:track:3xKsf9qdS1CyvXSMEid6g8,Pink + White,Blonde,Frank Ocean,2016-08-20,184516,86,false,dalootrobber2121,2023-03-19T04:14:17Z,,Boys Don't Cry,0.545,0.545,9,-7.362,1,0.107,0.667,0.0000548,0.417,0.549,159.94,3
spotify:track:1JS5G1Ljpmu1iB2v9l6dvD,Everything I Am,Graduation,Kanye West;DJ Premier,2007-09-11,227893,0,true,dalootrobber2121,2023-03-26T12:47:18Z,"rap,east coast hip hop",Roc-A-Fella,0.631,0.623,8,-6.971,1,0.264,0.466,0.00000161,0.151,0.765,80.23,4
spotify:track:4OmfWzukSVD140NiAIEjem,Static,Gemini Rights,Steve Lacy,2022-07-15,156538,71,true,dalootrobber2121,2023-03-26T12:48:30Z,,L-M Records/RCA Records,0.335,0.305,1,-12.661,1,0.0741,0.434,0.631,0.101,0.215,79.001,5
spotify:track:3s7MCdXyWmwjdcWh7GWXas,Violent Crimes,ye,Kanye West,2018-06-01,215320,81,true,dalootrobber2121,2023-03-26T12:48:38Z,rap,"Getting Out Our Dreams, Inc./Def Jam Recordings",0.669,0.419,1,-6.724,0,0.522,0.376,0,0.187,0.0397,109.813,4
spotify:track:3jHdKaLCkuNEkWcLVmQPCX,BEST INTEREST,BEST INTEREST,"Tyler, The Creator",2020-01-25,127921,74,true,dalootrobber2121,2023-03-26T12:48:52Z,,Columbia,0.596,0.575,11,-8.325,0,0.0514,0.0861,0.000153,0.334,0.34,98.265,3
spotify:track:1Is8hGpkGMiePASAxBluxM,16,The Melodic Blue,Baby Keem,2021-09-10,156040,75,true,dalootrobber2121,2023-03-26T12:49:01Z,,Columbia,0.701,0.782,1,-4.987,1,0.138,0.0918,0.00000231,0.124,0.57,94.03,4
spotify:track:4gT3mNJA8lnlkYFqGZ8IA2,Small Worlds,Swimming,Mac Miller,2018-08-03,271733,76,true,dalootrobber2121,2023-03-26T12:49:32Z,,Warner Records,0.516,0.546,5,-9.105,1,0.249,0.814,0.0000045,0.0995,0.515,78.267,4
spotify:track:1eUGmzzvahJjOSWgDHuRlv,Girl With The Tattoo Enter.lewd,All I Want Is You,Miguel,2010-11-30,102813,81,false,dalootrobber2121,2023-03-26T12:49:52Z,r&b,Jive,0.372,0.239,6,-11.314,0,0.0296,0.856,0.000175,0.168,0.127,113.451,4
spotify:track:5c3luoCub1Z1Gg74NdNtuq,Belong to the City,PARTYNEXTDOOR TWO,PARTYNEXTDOOR,2014-07-29,98023,79,true,dalootrobber2121,2023-04-14T18:08:40Z,"dark r&b,r&b,trap soul",OVO Sound,0.582,0.482,5,-9.813,0,0.0479,0.709,0.00138,0.129,0.193,88.198,4
spotify:track:0oufSLnKQDoBFX5mgkDCgR,Trust,Lost,Brent Faiyaz,2018-10-19,158420,74,true,dalootrobber2121,2023-04-15T00:04:16Z,r&b,Lost Kids / Human Re Sources,0.764,0.394,8,-8.559,1,0.152,0.231,0.0000937,0.117,0.465,92.009,4
spotify:track:4yNk9iz9WVJikRFle3XEvn,golden hour,this is what falling in love feels like (554Hz),JVKE,2022-10-03,209259,77,false,dalootrobber2121,2023-04-22T12:22:37Z,,JVKE,0.515,0.593,4,-4.801,1,0.0322,0.653,0.162,0.25,0.153,94.467,3
spotify:track:06JvOZ39sK8D8SqiqfaxDU,True Love,True Love,Kanye West;XXXTENTACION,2022-05-27,148571,72,false,dalootrobber2121,2023-04-30T22:55:52Z,"rap,emo rap",Columbia,0.712,0.861,5,-5.487,0,0.25,0.0182,0.00000609,0.511,0.388,84.042,4
spotify:track:1AZlOsf9LnEGibuPXanV8x,After The Storm,Late Night Summer Vibes,"Kali Uchis;Tyler, The Creator;Bootsy Collins",2021-08-19,207454,47,false,dalootrobber2121,2023-05-12T21:50:24Z,funk,UME - Global Clearing House,0.718,0.656,4,-6.604,0,0.159,0.267,0.00107,0.263,0.83,79.395,4
spotify:track:6dBUzqjtbnIa1TwYbyw5CM,Lovers Rock,French Exit,TV Girl,2014-06-05,213920,87,false,dalootrobber2121,2023-05-25T01:05:09Z,,TV Girl,0.559,0.871,5,-5.338,0,0.0397,0.00000753,0.00545,0.096,0.572,104.97,4
spotify:track:21LkHnuxPxVrOZ5gCaG7aM,Birds Dont Sing,French Exit,TV Girl,2014-06-05,209346,72,false,dalootrobber2121,2023-05-25T01:05:35Z,,TV Girl,0.605,0.942,7,-4.549,1,0.0655,0.016,0,0.137,0.8,106.562,4
spotify:track:6B2uIq7JV0UfleZOHAulKD,I Feel Fantastic,I Feel Fantastic,Riovaz,2021-12-07,146938,60,false,dalootrobber2121,2023-05-25T01:09:12Z,,Darkroom/Geffen Records,0.771,0.536,11,-16.116,0,0.109,0.194,0.00919,0.153,0.688,135.684,4
spotify:track:3Ycd1dFYbICkBHEtfpw5JB,I See Fire,The Hobbit: The Desolation of Smaug (Original Motion Picture Soundtrack) [Special Edition],Ed Sheeran,2013-12-10,300840,46,false,dalootrobber2121,2023-06-19T01:38:41Z,soft pop,WaterTower Music,0.566,0.0514,10,-21.106,0,0.0426,0.558,0,0.109,0.216,152.089,4
spotify:track:4qGfJb2KByjvzrwo8HNibg,The Girl From Ipanema - Single Version,Getz/Gilberto (Expanded Edition),Stan Getz;João Gilberto;Astrud Gilberto;Antônio Carlos Jobim,1964-03-01,167533,60,false,dalootrobber2121,2023-07-16T23:42:19Z,"bossa nova,jazz,brazilian jazz,cool jazz,latin jazz,jazz ballads,samba,vocal jazz,adult standards,mpb",Verve Reissues,0.696,0.17,5,-16.603,0,0.0385,0.944,0.00174,0.106,0.52,130.966,4
spotify:track:5TxRUOsGeWeRl3xOML59Ai,ARE WE STILL FRIENDS?,IGOR,"Tyler, The Creator",2019-05-17,265480,82,true,dalootrobber2121,2023-07-20T04:51:19Z,,Columbia,0.216,0.497,10,-8.025,1,0.0371,0.128,0.00000239,0.111,0.313,187.308,3
spotify:track:0JXXNGljqupsJaZsgSbMZV,Sure Thing,All I Want Is You,Miguel,2010-11-30,195373,86,false,dalootrobber2121,2023-07-20T04:51:44Z,r&b,Jive,0.684,0.607,11,-8.127,0,0.1,0.0267,0.000307,0.191,0.498,81.001,4
spotify:track:12ILYlOEfWL8ei0BEgFJn0,N Side,Apollo XXI,Steve Lacy,2019-05-24,224444,71,false,dalootrobber2121,2023-07-20T04:51:55Z,,3qtr,0.838,0.535,11,-6.303,0,0.0432,0.0714,0.000302,0.208,0.894,119.946,4
spotify:track:6luBKkFUt5wTwz7hpLhp12,drive ME crazy!,Let’s Start Here.,Lil Yachty;Diana Gordon,2023-01-27,229804,74,true,dalootrobber2121,2023-08-04T01:52:10Z,,Quality Control Music/Motown Records,0.497,0.825,10,-3.621,0,0.0925,0.172,0.00319,0.377,0.44,107.073,4
spotify:track:7MmBhKBQnaa0I8TaDJs9ia,issues,The Melodic Blue,Baby Keem,2021-09-10,219813,56,true,dalootrobber2121,2023-08-08T00:41:07Z,,Columbia,0.833,0.542,3,-8.32,0,0.0679,0.571,0.00112,0.111,0.237,132.001,4
spotify:track:042wd4CrF4WTAwiKs0F7Ve,First World Problemz / Nobody Carez,Sonder Son,Brent Faiyaz,2017-10-13,350548,58,true,dalootrobber2121,2023-08-08T18:10:28Z,r&b,Lost Kids,0.582,0.502,3,-11.053,0,0.102,0.259,0.000378,0.16,0.555,85.629,4
spotify:track:65krtHkaYLPr0mEbjL61UP,Kiss of Life,The Best of Sade,Sade,1994-10-31,251333,81,false,dalootrobber2121,2023-08-10T03:22:30Z,,Epic,0.723,0.47,6,-11.302,0,0.028,0.633,0.0373,0.0968,0.783,97.107,4
spotify:track:1QPreu0BNOrUfEb8HTd2qG,Rich Spirit,Mr. Morale & The Big Steppers,Kendrick Lamar,2022-05-13,202285,70,true,dalootrobber2121,2023-08-12T23:24:30Z,"hip hop,west coast hip hop",pgLang/Top Dawg Entertainment/Aftermath/Interscope Records,0.852,0.421,10,-9.153,0,0.208,0.428,0.00000228,0.106,0.457,95.977,4
spotify:track:39sDitIeCMrVX2QyXHY46t,Blue Hair,Death of a Party Girl,TV Girl,2018-05-08,217000,83,false,dalootrobber2121,2023-08-13T02:45:34Z,,TV Girl,0.751,0.72,4,-6.376,1,0.0303,0.554,0.0497,0.258,0.884,135.73,4
spotify:track:6QeYSvYqYUsfBzsApbjDHO,Cigarettes out the Window,Who Really Cares,TV Girl,2016-02-25,198960,85,false,dalootrobber2121,2023-08-13T02:54:17Z,,TV Girl,0.625,0.659,0,-5.669,1,0.0337,0.12,0,0.17,0.594,113.551,4
spotify:track:3IznIgmXtrUaoPWpQTy5jB,Not Allowed,Who Really Cares,TV Girl,2016-02-25,167864,84,true,dalootrobber2121,2023-08-13T02:54:25Z,,TV Girl,0.67,0.905,1,-6.855,1,0.129,0.669,0.000227,0.349,0.563,104.965,4
spotify:track:6hSGq0eYbJV0eOzSLIjpdx,Paper Soldier,Paper Soldier,LucifersWhisper,2023-08-12,241763,0,true,dalootrobber2121,2023-08-13T16:44:01Z,,Indiefy,0.693,0.51,8,-10.581,1,0.25,0.21,0.0094,0.0931,0.664,151.012,4
spotify:track:0f8eRy9A0n6zXpKSHSCAEp,Infrunami,The Lo-Fis,Steve Lacy,2020-12-04,178328,81,false,dalootrobber2121,2023-08-13T17:21:49Z,,L-M Records,0.826,0.299,9,-7.721,1,0.0446,0.31,0.0952,0.0758,0.215,97.012,4
spotify:track:4RnvS1tmh1ERhjXX6dxv95,Language,Language,Paperboy Fabe;Brent Faiyaz,2017-05-12,150360,74,true,dalootrobber2121,2023-08-13T17:22:09Z,r&b,True Purpose,0.62,0.721,4,-5.538,0,0.0887,0.0422,0.0075,0.563,0.77,169.904,4
spotify:track:7umZiitjVsEjMQ6HNddpUI,Love Is Only a Feeling,Love Is Only a Feeling,Joey Bada$$,2017-07-06,152041,75,true,dalootrobber2121,2023-08-13T17:23:40Z,"hip hop,jazz rap,rap",Pro Era,0.629,0.676,1,-7.088,0,0.191,0.53,0.000325,0.701,0.497,90.377,4
spotify:track:5FVd6KXrgO9B3JPmC8OPst,Do I Wanna Know?,AM,Arctic Monkeys,2013-09-09,272394,87,false,dalootrobber2121,2023-08-15T15:30:15Z,"indie,garage rock",Domino Recording Co,0.548,0.532,5,-7.596,1,0.0323,0.186,0.000263,0.217,0.405,85.03,4
spotify:track:1N8klHEbZ0bFOHnMVs8C9S,Fell In Love,Fell In Love,Marshmello;Brent Faiyaz,2023-05-05,121283,57,true,dalootrobber2121,2023-08-21T20:06:14Z,"edm,r&b",Joytime Collective,0.732,0.464,1,-9.722,1,0.0527,0.0899,0.000031,0.0997,0.647,149.954,4
spotify:track:4STaHtfguDMkWbPEo6Fwcx,Not Nice,PARTYNEXTDOOR 3 (P3),PARTYNEXTDOOR,2016-08-12,202661,0,false,dalootrobber2121,2023-08-21T20:40:46Z,"dark r&b,r&b,trap soul",OVO Sound/Warner Records,0.598,0.496,0,-9.309,1,0.0804,0.0253,0.00132,0.12,0.725,128.06,4
spotify:track:5HkloVRj7hJe04zHDAqTpf,Moment Of Your Life,Moment Of Your Life,Brent Faiyaz;Coco Jones,2023-08-23,195000,36,false,dalootrobber2121,2023-08-23T17:29:22Z,r&b,ISO Supremacy under exclusive license to UnitedMasters LLC,0.768,0.48,10,-6.543,0,0.0511,0.605,0,0.0907,0.616,127.987,4
spotify:track:5BKKy9fIJL5uM9fz1SnqyP,Chicago,XSCAPE,Michael Jackson,2014-05-09,245565,83,false,dalootrobber2121,2023-09-04T00:45:41Z,,Epic/MJJ,0.608,0.756,7,-2.675,0,0.176,0.0784,0,0.187,0.55,176.086,4
spotify:track:1cFKKdG6gmpptMBFxasJOE,WY@,WY@,Brent Faiyaz,2023-09-19,208038,58,true,dalootrobber2121,2023-09-23T18:24:04Z,r&b,ISO Supremacy under exclusive license to UnitedMasters LLC,0.826,0.316,8,-8.186,1,0.158,0.429,0.000116,0.121,0.287,119.983,4
spotify:track:5PvVkf1Yuq3XyMqqjPiKPd,Been Away,Fuck The World,Brent Faiyaz,2020-02-07,223629,76,true,dalootrobber2121,2023-09-30T02:25:28Z,r&b,Lost Kids,0.602,0.5,8,-9.377,1,0.298,0.477,0.0000569,0.295,0.395,132.798,4
spotify:track:2enPRFda84VE2wtI8c86Uf,Always Forever,Static,Cults,2013-10-15,223750,79,false,dalootrobber2121,2023-10-08T01:41:45Z,,Columbia,0.174,0.742,8,-5.93,1,0.0485,0.00181,0.281,0.198,0.36,163.378,4
spotify:track:5o5WaO9pzPhXSGIrTIYVce,Cherry Wine,Cherry Wine,grentperez,2021-09-10,173286,67,false,dalootrobber2121,2023-10-08T17:14:34Z,,Fast Friends,0.74,0.563,11,-7.016,0,0.04,0.34,0,0.0824,0.577,104.958,4
spotify:track:5yVIlYEHZxQVLyInCdldoS,Impossible,James Arthur (Deluxe),James Arthur,2013-11-04,209440,82,false,dalootrobber2121,2023-10-10T01:49:53Z,soft pop,Syco Music,0.376,0.695,0,-4.782,0,0.0933,0.135,0,0.11,0.302,169.533,4
spotify:track:2pg2TiYo9Rb8KeB5JjP7jS,Sativa,Trip,Jhené Aiko;Swae Lee,2017-09-22,276960,77,true,dalootrobber2121,2023-10-11T01:06:23Z,r&b,Def Jam Recordings,0.741,0.61,6,-7.34,0,0.0511,0.316,0,0.534,0.72,125.99,4
spotify:track:4osgfFTICMkcGbbigdsa53,Novacane,Novacane,Frank Ocean,2011-01-01,302346,83,true,dalootrobber2121,2023-10-11T01:07:37Z,,Red Zone Entertainment / IDJ,0.762,0.508,3,-9.112,1,0.0919,0.0584,0.00126,0.16,0.37,93.51,4
spotify:track:0YsGMHid6sFq5PcToe3JZE,Les,Camp,Childish Gambino,2011-11-15,317293,7,true,dalootrobber2121,2023-10-11T01:07:48Z,,Glassnote Entertainment Group LLC,0.541,0.674,1,-7.04,0,0.0841,0.00649,0.0000976,0.235,0.123,103.139,4
spotify:track:1GxoFQZxD7tFhQFUD9F0dD,Feel A Way (feat. Kanye West & Brent Faiyaz),So Help Me God!,2 Chainz;Kanye West;Brent Faiyaz,2020-11-13,213528,43,true,dalootrobber2121,2023-10-13T23:12:27Z,"southern hip hop,rap,r&b","Gamebread, LLC / Def Jam Recordings",0.859,0.727,10,-5.598,0,0.073,0.358,0.000752,0.332,0.688,149.932,4
spotify:track:3a3dQOO19moXPeTt2PomoT,What You Heard,What You Heard,Sonder,2019-02-22,238242,78,true,dalootrobber2121,2023-11-10T02:58:14Z,"dark r&b,r&b",Sonder Global,0.429,0.371,2,-9.017,0,0.0327,0.546,0.00000571,0.104,0.135,137.134,4
spotify:track:3ijLtvQmoX17q1wTgU7SiI,Break You Off,Too Late To Die Young,Sonder,2022-10-21,127142,65,true,dalootrobber2121,2023-11-14T18:34:30Z,"dark r&b,r&b",Sonder Global LLC,0.788,0.394,11,-9.519,1,0.0929,0.797,0,0.535,0.471,105.002,4
spotify:track:6SOmn0HMuY4Lq9XiUo8JZM,Leaving You,Leaving You,Riovaz,2021-08-20,113374,46,false,dalootrobber2121,2023-11-30T17:18:21Z,,Riovaz,0.904,0.339,10,-13.127,0,0.262,0.044,0.00301,0.0699,0.545,136.085,4
spotify:track:77KnJc8o5G1eKVwX5ywMeZ,Mind Over Matter (Reprise),Mirrorball / Mind Over Matter (Reprise),Young the Giant,2015-04-18,230866,74,false,dalootrobber2121,2023-12-02T03:38:42Z,,Fueled By Ramen,0.393,0.487,0,-6.348,1,0.0337,0.229,0,0.128,0.3,151.958,4
spotify:track:1UqhkbzB1kuFwt2iy4h29Q,Cough Syrup,Young The Giant (Special Edition),Young the Giant,2011,249520,71,false,dalootrobber2121,2023-12-02T03:39:46Z,,Roadrunner Records,0.534,0.721,11,-7.307,0,0.0417,0.0343,0.00000624,0.115,0.225,128.978,3
spotify:track:3hxIUxnT27p5WcmjGUXNwx,Shut up My Moms Calling,Shut up My Moms Calling,Hotel Ugly,2020-02-10,164571,87,false,dalootrobber2121,2023-12-17T07:20:17Z,,"Hotel Ugly, under exclusive license to Amuseio AB",0.485,0.409,9,-10.711,0,0.101,0.325,0,0.103,0.376,138.419,4
spotify:track:1Hv1VTm8zeOeybub15mA2R,Smooth Operator - Single Version,The Best of Sade,Sade,1994-10-31,258693,82,false,dalootrobber2121,2023-12-21T03:15:20Z,,Epic,0.734,0.58,9,-6.619,0,0.0321,0.238,0.0006,0.0298,0.962,119.336,4
spotify:track:4PEGwWH4tL6H7dGl4uVSPg,Like a Tattoo,Love Deluxe,Sade,1992-10-26,218000,82,false,dalootrobber2121,2023-12-21T03:15:49Z,,Epic,0.557,0.16,5,-16.302,0,0.0315,0.922,0.000756,0.0996,0.133,136.01,4
spotify:track:1j2LuIf7mv15ZVug1Xy5qz,Your Love Is King,Diamond Life,Sade,1984-07-16,219426,72,false,dalootrobber2121,2023-12-21T03:17:07Z,,Sony Music CG,0.742,0.42,9,-6.797,1,0.031,0.562,0.0000412,0.0402,0.594,134.624,3
spotify:track:6n3HGiq4v35D6eFOSwqYuo,Teenage Fever,More Life,Drake,2017-03-18,219692,82,true,dalootrobber2121,2023-12-25T06:16:17Z,rap,Cash Money Records/Young Money Ent./Universal Rec.,0.766,0.283,8,-10.33,0,0.0846,0.111,0.0172,0.115,0.144,97.04,4
spotify:track:0rKtyWc8bvkriBthvHKY8d,SLOW DANCING IN THE DARK,BALLADS 1,Joji,2018-10-26,209273,4,true,dalootrobber2121,2023-12-27T05:42:43Z,,88rising Music/Warner Records,0.515,0.479,3,-7.458,1,0.0261,0.544,0.00598,0.191,0.284,88.964,4
spotify:track:0dJhXJKZTpiaxTUc7uItIN,Let Me Know,Fuck The World,Brent Faiyaz,2020-02-07,215057,62,false,dalootrobber2121,2024-01-19T18:19:22Z,r&b,Lost Kids,0.743,0.548,6,-6.545,0,0.0947,0.175,0.00018,0.088,0.558,85.017,4
spotify:track:6VFKuuqSbA1GpMEosUgTwQ,Nobody But You,Nobody But You,Sonder;Jorja Smith,2021-04-09,213214,70,true,dalootrobber2121,2024-01-27T04:28:22Z,"dark r&b,r&b",Sonder Global,0.637,0.299,7,-11.314,1,0.0366,0.742,0,0.359,0.364,83.872,4
spotify:track:4QhWbupniDd44EDtnh2bFJ,Pyramids,channel ORANGE,Frank Ocean,2012-07-10,592920,80,true,dalootrobber2121,2024-02-03T01:29:05Z,,Red Zone Entertainment / IDJ,0.4,0.65,5,-6.104,0,0.0466,0.0118,0.0000762,0.791,0.15,107.989,4
spotify:track:0QyJXG36Q3Kta662XS8GhY,Too Fast,Into,Sonder,2017-01-27,295800,75,false,dalootrobber2121,2024-02-04T07:45:30Z,"dark r&b,r&b",Sonder,0.407,0.323,4,-11.076,0,0.041,0.281,0.0000242,0.487,0.136,99.209,3
spotify:track:7eqoqGkKwgOaWNNHx90uEZ,Nights,Blonde,Frank Ocean,2016-08-20,307151,84,true,dalootrobber2121,2024-02-13T14:23:07Z,,Boys Don't Cry,0.457,0.551,5,-9.36,0,0.167,0.427,0.00000115,0.113,0.428,89.87,4
spotify:track:3PFaFVWq5wucLu6s4baj9D,Girl (feat. KAYTRANADA),Ego Death,The Internet;KAYTRANADA,2015-06-26,416322,63,true,dalootrobber2121,2024-02-27T02:20:04Z,"alternative r&b,neo soul",Odd Future,0.568,0.42,7,-11.169,0,0.276,0.536,0.124,0.101,0.453,79.89,4
spotify:track:2vWBUC9djv6BtiGlmKiQaH,YKWIM?,Bipolar,Yot Club,2019-05-31,212750,77,false,dalootrobber2121,2024-02-27T02:20:39Z,bedroom pop,Yot Club under exclusive license to Amuseio AB,0.372,0.537,9,-7.623,1,0.0305,0.937,0.873,0.287,0.228,123.735,3
spotify:track:2krESug6AyfOL07tlaGwts,GHETTO GATSBY (FEAT. ALICIA KEYS),WASTELAND,Brent Faiyaz;Alicia Keys,2022-07-08,198005,58,true,dalootrobber2121,2024-02-29T01:43:54Z,"r&b,neo soul","Lost Kids LLC., Marketed by Venice / Stem",0.524,0.233,3,-12.991,0,0.104,0.869,0.00000459,0.369,0.585,175.805,4
spotify:track:1DMYEiuAgz1OKvANXiNFrN,Recognize (feat. Drake),PARTYNEXTDOOR TWO,PARTYNEXTDOOR;Drake,2014-07-29,311197,75,true,dalootrobber2121,2024-03-04T20:28:16Z,"dark r&b,r&b,trap soul,rap",OVO Sound,0.644,0.541,2,-5.801,1,0.0426,0.0102,0,0.102,0.165,119.513,4
spotify:track:48oQGynnS8RLiYRFsJ6pDL,FYTB (FEAT. JOONY),WASTELAND,Brent Faiyaz;Joony,2022-07-08,198003,55,true,dalootrobber2121,2024-03-10T14:36:22Z,r&b,"Lost Kids LLC., Marketed by Venice / Stem",0.783,0.48,3,-9.182,0,0.251,0.258,0.00000473,0.305,0.364,133.086,4
spotify:track:5gDWsRxpJ2lZAffh5p7K0w,Stargirl Interlude,Starboy,The Weeknd;Lana Del Rey,2016-11-24,111626,78,false,dalootrobber2121,2024-03-11T02:03:03Z,,The Weeknd/Lyric,0.715,0.47,5,-12.638,0,0.0772,0.353,0.0923,0.104,0.426,89.965,4
spotify:track:1wGpEisE7VmhhSazD8hZ5l,ROLE MODEL,WASTELAND,Brent Faiyaz,2022-07-08,194009,71,true,dalootrobber2121,2024-03-14T17:52:18Z,r&b,"Lost Kids LLC., Marketed by Venice / Stem",0.606,0.544,10,-7.968,0,0.0421,0.0285,0.00000488,0.152,0.335,90.104,4
spotify:track:5tqZJUHEuqdN12RZVq2l9p,Hold On,Hive Mind,The Internet,2018-07-20,406432,66,false,dalootrobber2121,2024-03-18T01:46:08Z,"alternative r&b,neo soul",Columbia,0.7,0.414,0,-10.864,1,0.0373,0.849,0.0606,0.107,0.444,60.479,4
spotify:track:04GLL6JKODDRtfmK4uEVlk,LINK UP,NOIRE,Avenoir,2023-12-08,125346,65,true,dalootrobber2121,2024-03-19T01:06:45Z,"dark r&b,alternative r&b,r&b","Avenoir, under exclusive license to LISTEN TO THE KIDS",0.687,0.383,7,-11.369,0,0.032,0.644,0.000273,0.189,0.534,124.002,4
spotify:track:75IQVo8hqI1iwVZyvkN2VT,Show Me How,Show Me How,Men I Trust,2018-02-28,215110,79,false,dalootrobber2121,2024-03-23T21:26:10Z,"bedroom pop,indie pop",Indie,0.791,0.271,5,-11.959,1,0.0431,0.672,0.543,0.102,0.564,166.002,4
spotify:track:08vlprFBmwh9TQnjXUtZDG,FAMJAM4000,FORWARD,Jordan Ward,2023-03-03,158133,61,false,dalootrobber2121,2024-03-24T03:16:17Z,alternative r&b,"ARTium Recordings, LLC/Interscope Records",0.871,0.57,6,-7.421,0,0.0676,0.434,0.452,0.145,0.711,116.563,4
spotify:track:52ojopYMUzeNcudsoz7O9D,"New Person, Same Old Mistakes",Currents,Tame Impala,2015-07-17,363240,82,false,dalootrobber2121,2024-03-24T10:01:45Z,"neo-psychedelic,indie",Universal Music Australia Pty. Ltd.,0.47,0.809,8,-6.74,1,0.0495,0.272,0.00671,0.0491,0.49,151.836,4
spotify:track:2xZ0zfuDTv5LxLhEgD82PG,Awkward,Ctrl (Deluxe),SZA,2022-06-09,178000,70,true,dalootrobber2121,2024-04-02T10:34:03Z,r&b,Top Dawg Entertainment/RCA Records,0.618,0.474,5,-12.097,1,0.0789,0.182,0.000122,0.108,0.397,119.999,4
spotify:track:7BgyWwbbybJr2IbQoI1gzH,Stevie Doesn't Wonder,Stevie Doesn't Wonder,Hotel Ugly,2021-12-07,164571,69,false,dalootrobber2121,2024-04-15T01:44:26Z,,"Hotel Ugly, under exclusive license to Amuseio AB",0.534,0.288,10,-13.232,0,0.0331,0.195,0.0000521,0.182,0.516,139.922,4
spotify:track:3p4hRhMcb6ch8OLtATMaLw,Cry,Cry,Cigarettes After Sex,2019-10-25,256799,60,false,dalootrobber2121,2024-04-15T01:49:47Z,dream pop,Partisan Records,0.408,0.398,7,-10.448,1,0.0277,0.758,0.654,0.112,0.165,142.834,4
spotify:track:0yc6Gst2xkRu0eMLeRMGCX,Apocalypse,Cigarettes After Sex,Cigarettes After Sex,2017-06-09,290616,11,false,dalootrobber2121,2024-04-15T01:49:52Z,dream pop,Partisan Records,0.369,0.468,5,-9.013,1,0.0273,0.0205,0.566,0.109,0.18,94.434,4
spotify:track:1FWsomP9StpCcXNWmJk8Cl,K.,Cigarettes After Sex,Cigarettes After Sex,2017-06-09,320030,7,false,dalootrobber2121,2024-04-16T01:18:59Z,dream pop,Partisan Records,0.454,0.401,3,-10.251,1,0.0264,0.14,0.837,0.136,0.319,93.703,4
spotify:track:0SpkyS1Q4MD8GaVcP5YjT4,Sunsetz,Cigarettes After Sex,Cigarettes After Sex,2017-06-09,215150,6,true,dalootrobber2121,2024-04-16T01:19:01Z,dream pop,Partisan Records,0.41,0.48,9,-9.417,0,0.0294,0.0561,0.814,0.0972,0.129,75.303,4
spotify:track:0rFOs9paloAvEtzwDX1Kmc,Bubbly,Coco,Colbie Caillat,2007-01-01,196280,67,false,dalootrobber2121,2024-04-18T09:42:02Z,,Universal Records,0.697,0.474,9,-6.663,1,0.0351,0.603,0,0.11,0.249,127.904,4
spotify:track:7wZUrN8oemZfsEd1CGkbXE,Bleeding Love,Spirit,Leona Lewis,2007,262466,79,false,dalootrobber2121,2024-04-18T09:52:35Z,,Syco Music UK,0.638,0.656,5,-5.886,1,0.0357,0.188,0,0.146,0.225,104.036,4
spotify:track:4sNG6zQBmtq7M8aeeKJRMQ,Brazil,What Do You Think About the Car?,Declan McKenna,2017-04-21,252305,80,false,dalootrobber2121,2024-04-24T11:31:57Z,,Columbia,0.687,0.617,4,-5.213,1,0.0287,0.0941,0.0000127,0.0898,0.665,121.079,4
spotify:track:6nXiaXqSZAJuOG6q66mZV1,Lil Baby Crush,Lil Baby Crush,Jordan Ward,2021-09-08,141520,55,true,dalootrobber2121,2024-04-24T11:40:30Z,alternative r&b,"ARTium Recordings, LLC/Interscope Records",0.858,0.435,6,-9.611,0,0.116,0.566,0.0893,0.106,0.824,136.891,4
spotify:track:0z3YYobsavHguLTgqg5GC1,Picture in My Mind,Picture in my mind,PinkPantheress;Sam Gellaitry,2022-08-10,176930,65,false,dalootrobber2121,2024-04-24T13:44:01Z,bedroom pop,Warner Records,0.73,0.645,2,-6.506,0,0.348,0.587,0,0.0937,0.772,128.519,4
spotify:track:6FVC9rfW90QNKrneugHLxy,Heart To Heart,Here Comes The Cowboy,Mac DeMarco,2019-05-10,211133,57,false,dalootrobber2121,2024-04-25T02:15:48Z,"indie,lo-fi indie",Royal Mountain Records,0.898,0.14,8,-16.095,0,0.0908,0.675,0.347,0.107,0.638,150.126,4
spotify:track:4at3d5QWnlibMVN75ECDrp,Pretty Little Fears (feat. J. Cole),East Atlanta Love Letter,6LACK;J. Cole,2018-09-14,240341,70,true,dalootrobber2121,2024-04-25T09:58:04Z,rap,LVRN Records,0.61,0.458,9,-11.336,1,0.36,0.696,0.000103,0.0852,0.246,192.099,4
spotify:track:4sebUbjqbcgDSwG6PbSGI0,Come a Little Closer,Melophobia,Cage The Elephant,2013-10-08,229346,75,false,dalootrobber2121,2024-04-30T03:50:00Z,,RCA Records Label,0.44,0.778,1,-1.786,0,0.0327,0.0265,0.00000104,0.151,0.304,148.038,4
spotify:track:2tznHmp70DxMyr2XhWLOW0,Cigarette Daydreams,Melophobia,Cage The Elephant,2013-10-08,208760,79,false,dalootrobber2121,2024-04-30T20:42:12Z,,RCA Records Label,0.636,0.676,2,-3.442,1,0.0263,0.0807,0,0.0831,0.273,113.98,4
spotify:track:0GGfGINoVYiSFXPOjg3RHj,Found (feat. Brent Faiyaz),Found (feat. Brent Faiyaz),Tems;Brent Faiyaz,2021-09-09,209454,67,false,dalootrobber2121,2024-04-30T23:41:29Z,"afrobeats,afro r&b,alté,afrobeat,r&b",RCA Records/Since 93',0.821,0.412,7,-7.795,1,0.0341,0.625,0.0000164,0.0985,0.333,109.977,4
spotify:track:08XWh5c0BMyD1nKVxxl91z,Fountains (with Tems),Certified Lover Boy,Drake;Tems,2021-09-03,192417,70,true,dalootrobber2121,2024-04-30T23:48:03Z,"rap,afrobeats,afro r&b,alté,afrobeat",OVO,0.843,0.485,10,-8.735,0,0.195,0.181,0.0675,0.107,0.689,100.053,4
spotify:track:5oady7OSE7dH7LHiqmb3Cr,"Dreams, Fairytales, Fantasies (feat. Brent Faiyaz & Salaam Remi)",Floor Seats,A$AP Ferg;Brent Faiyaz;Salaam Remi,2019-08-16,222987,76,true,dalootrobber2121,2024-05-01T00:19:59Z,"rap,r&b",A$AP Worldwide/Polo Grounds Music/RCA Records,0.737,0.597,7,-7.333,1,0.119,0.292,0,0.13,0.449,92.049,4
spotify:track:3mHO1J6kfiArjBo1zhLFGP,Coming Down,House Of Balloons (Original),The Weeknd,2011-03-21,295435,78,false,dalootrobber2121,2024-05-05T01:31:48Z,,The Weeknd/Lyric,0.694,0.649,2,-5.262,0,0.0353,0.303,0.0000241,0.206,0.344,120.973,4
spotify:track:1bjeWoagtHmUKputLVyDxQ,Saturn,Saturn,SZA,2024-02-22,186191,77,false,dalootrobber2121,2024-05-05T01:43:54Z,r&b,Top Dawg Entertainment/RCA Records,0.411,0.619,1,-6.834,1,0.0368,0.62,0,0.11,0.337,177.937,4
spotify:track:6ydWxkzjDktHsTzvWcaZ1i,In For It,In For It,Tory Lanez;RL Grime,2015-01-15,293306,73,true,dalootrobber2121,2024-05-07T09:27:12Z,"edm trap,future bass,edm",Benny Blanco Major,0.383,0.531,5,-7.814,0,0.0741,0.0753,0.000102,0.108,0.0375,105.971,4
spotify:track:7CyPwkp0oE8Ro9Dd5CUDjW,"One Of The Girls (with JENNIE, Lily Rose Depp)",The Idol Episode 4 (Music from the HBO Original Series),The Weeknd;JENNIE;Lily-Rose Depp,2023-06-23,244684,91,false,dalootrobber2121,2024-05-08T21:36:41Z,k-pop,XO / Republic Records,0.264,0.64,8,-6.221,1,0.0442,0.0393,0.00000231,0.151,0.19,84.828,4
spotify:track:0PJIbOdMs3bd5AT8liULMQ,oui,Late Nights: The Album,Jeremih,2015-12-04,238320,78,false,dalootrobber2121,2024-05-11T11:53:49Z,,Def Jam,0.418,0.724,5,-3.724,1,0.0964,0.213,0,0.112,0.604,78.521,5
spotify:track:2MJlhN2OockKCadeGS4AEP,Shameless,Shameless,Avenoir,2022-08-19,175386,71,true,dalootrobber2121,2024-05-11T17:08:30Z,"dark r&b,alternative r&b,r&b",Avenoir,0.686,0.415,4,-11.502,0,0.0425,0.743,0.000162,0.228,0.236,130.015,4
spotify:track:722k2gLamerL9i7bTlGJrm,FLORIDA BABY,FLORIDA BABY,Isaiah Falls,2024-01-16,140606,0,true,dalootrobber2121,2024-05-11T17:22:25Z,dark r&b,LVRS ONLY,0.543,0.454,11,-10.168,0,0.225,0.454,0,0.152,0.246,98.725,4
spotify:track:4mCdid0oWqylN7m1QgqbHu,L o s e M y M i n d,L o s e M y M i n d,PARTYNEXTDOOR,2024-04-11,183990,59,true,dalootrobber2121,2024-05-12T17:23:51Z,"dark r&b,r&b,trap soul",OVO Sound,0.433,0.477,4,-8.028,0,0.0448,0.0583,0.0000185,0.228,0.144,170.312,4
spotify:track:5iwUwADk4uQUvgMF6PlTRl,Upset (feat. Tommy Richman & FELIX!),Larger Than Life,Brent Faiyaz;FELIX!;Tommy Richman,2023-10-27,177899,70,true,dalootrobber2121,2024-05-12T17:25:09Z,r&b,ISO Supremacy under exclusive license to UnitedMasters LLC,0.856,0.5,11,-9.393,1,0.18,0.487,0,0.104,0.886,135.03,4
spotify:track:0vA6Nhloi5UX2jmqX5Tvk9,Mad Riches,Too Late To Die Young,Sonder,2022-10-21,116129,67,true,dalootrobber2121,2024-05-13T03:01:32Z,"dark r&b,r&b",Sonder Global LLC,0.395,0.241,3,-11.555,0,0.045,0.948,0.000418,0.117,0.248,77.873,4
spotify:track:5rgrBsAFYMun6yhtnLKRPz,Right My Wrongs,T R A P S O U L,Bryson Tiller,2015-10-02,249318,79,false,dalootrobber2121,2024-05-13T03:09:01Z,"trap soul,r&b",TrapSoul/RCA Records,0.543,0.449,1,-8.065,1,0.0463,0.345,0,0.157,0.29,132.609,4
spotify:track:7zFXmv6vqI4qOt4yGf3jYZ,Get You (feat. Kali Uchis),Freudian,Daniel Caesar;Kali Uchis,2017-08-25,278179,7,false,dalootrobber2121,2024-05-13T11:19:12Z,,Golden Child Recordings,0.658,0.294,4,-8.533,0,0.0321,0.422,0.000052,0.0749,0.358,74.038,4
spotify:track:2wBCrtJS3E3TimRZ5MElTI,The Worst,Sail Out,Jhené Aiko,2013-01-01,254493,74,true,dalootrobber2121,2024-05-14T14:48:01Z,r&b,Def Jam Recordings,0.539,0.414,1,-9.156,0,0.0601,0.253,0.0000013,0.143,0.123,94.895,4
spotify:track:6rje9f1wRFJDO2iTORw0lH,I Know,Dark Sky Paradise,Big Sean;Jhené Aiko,2015-02-23,319973,72,true,dalootrobber2121,2024-05-14T15:01:33Z,r&b,Getting Out Our Dreams Inc. (G.O.O.D.) Music / IDJ,0.733,0.334,1,-11.314,1,0.0811,0.327,0,0.116,0.267,119.935,4
spotify:track:1m8WpLYXEiNVZchsWEcCSy,Come Through and Chill (feat. J. Cole & Salaam Remi),War & Leisure,Miguel;J. Cole;Salaam Remi,2017-12-01,322000,65,true,dalootrobber2121,2024-05-14T19:49:08Z,"r&b,rap",ByStorm Entertainment/RCA Records,0.461,0.653,6,-8.617,1,0.327,0.158,0,0.197,0.588,81.628,1
spotify:track:1ciQU7ZQGHq129m3njp9en,dirty dancer,dirty dancer,Orion Sun,2022-02-08,169720,23,true,dalootrobber2121,2024-05-17T11:22:24Z,"alternative r&b,bedroom pop",Mom+Pop,0.702,0.525,7,-5.028,0,0.0313,0.376,0.0667,0.119,0.515,113.856,4
spotify:track:286uu9vYV996c1DBX7tvcj,south,south,jaydes,2022-10-15,104025,62,true,dalootrobber2121,2024-05-18T06:55:51Z,,jaydes,0.892,0.417,8,-11.129,0,0.284,0.33,0,0.217,0.511,84.992,4
spotify:track:2QdSb68BzZGMgCbsrFmSLc,Higher,For Broken Ears,Tems,2020-09-25,196204,75,false,dalootrobber2121,2024-05-18T07:14:38Z,"afrobeats,afro r&b,alté,afrobeat",Leading Vibe Ltd,0.609,0.581,2,-10.854,1,0.277,0.509,0,0.283,0.528,102.964,3
spotify:track:19Dhj2zNpcTX2mBYrxlkax,TMW,TMW,Avenoir,2022-02-14,128919,63,false,dalootrobber2121,2024-05-18T13:28:56Z,"dark r&b,alternative r&b,r&b",3212281 Records DK2,0.664,0.307,4,-13.546,0,0.0461,0.875,0.0000027,0.0894,0.379,116.924,3
spotify:track:5WbfFTuIldjL9x7W6y5l7R,Kingston,Atlanta Millionaires Club,Faye Webster,2019-05-24,202653,77,false,dalootrobber2121,2024-05-18T22:58:21Z,,Secretly Canadian,0.73,0.355,10,-9.13,0,0.0359,0.154,0.00155,0.117,0.56,142.143,4
spotify:track:1boXOL0ua7N2iCOUVI1p9F,Japanese Denim,Get You - Single,Daniel Caesar,2016-10-21,270846,6,true,dalootrobber2121,2024-05-19T01:37:11Z,,Daniel Caesar,0.707,0.238,3,-8.818,1,0.0379,0.0905,0.00000242,0.0842,0.345,124.156,3
spotify:track:7yNf9YjeO5JXUE3JEBgnYc,Babydoll,"Don't Forget About Me, Demos",Dominic Fike,2018-10-16,97960,92,false,dalootrobber2121,2024-05-20T15:24:24Z,,Columbia,0.762,0.604,7,-5.296,0,0.11,0.114,0,0.0271,0.847,168.007,4
spotify:track:3GZD6HmiNUhxXYf8Gch723,Lost,channel ORANGE,Frank Ocean,2012-07-10,234093,84,true,dalootrobber2121,2024-05-20T15:31:34Z,,Red Zone Entertainment / IDJ,0.913,0.603,8,-4.892,1,0.226,0.0272,0.000503,0.167,0.497,123.061,4
spotify:track:6TaqooOXAEcijL6G1AWS2K,All My Friends (feat. Tinashe & Chance the Rapper),All My Friends (feat. Tinashe & Chance the Rapper),Snakehips;Tinashe;Chance the Rapper,2015-10-21,229737,69,true,dalootrobber2121,2024-06-02T04:43:38Z,alternative r&b,Hoffman West/Columbia,0.681,0.521,0,-5.849,1,0.141,0.12,0.0000841,0.108,0.181,94.997,4
spotify:track:3ppVO2tyWRRznNmONvt7Se,Summers Over Interlude,Views,Drake;Majid Jordan,2016-05-06,106333,72,true,dalootrobber2121,2024-06-09T16:34:37Z,rap,Cash Money Records/Young Money Ent./Universal Rec.,0.699,0.255,4,-8.647,0,0.0303,0.405,0.00242,0.0985,0.242,132.031,3
spotify:track:6fkL9CjWmjeV6vfDxTp9OZ,Walk On By,Drunk,Thundercat;Kendrick Lamar,2017-02-24,199136,62,true,dalootrobber2121,2024-06-10T12:06:48Z,"hip hop,west coast hip hop",Brainfeeder,0.825,0.302,8,-11.651,1,0.282,0.204,0,0.0762,0.747,94.956,4
spotify:track:4o4wEDRqotccDTXiQ7TORu,Un-thinkable (I'm Ready) (feat. Drake) - Remix,Un-thinkable (I'm Ready) (feat. Drake) [Remix],Alicia Keys;Drake,2010-05-28,282026,76,false,dalootrobber2121,2024-06-11T11:35:04Z,"r&b,neo soul,rap",J Records,0.531,0.603,7,-6.242,1,0.0944,0.728,0,0.11,0.228,86.162,4
spotify:track:5W7xC99N2Zzfh69r7I7zWK,Aston Martin Music,Teflon Don,Rick Ross;Drake;Chrisette Michele,2010-01-01,270626,74,true,dalootrobber2121,2024-06-11T12:27:19Z,"southern hip hop,rap,neo soul,jersey club,r&b",Def Jam Recordings,0.57,0.58,1,-5.547,1,0.21,0.0124,0,0.0498,0.404,171.812,4
spotify:track:4mL59LVbKgOpEACxraGYdr,While We're Young,Trip,Jhené Aiko,2017-09-22,236160,72,true,dalootrobber2121,2024-06-12T02:15:35Z,r&b,Def Jam Recordings,0.649,0.791,2,-6.013,1,0.193,0.104,0.00000197,0.108,0.811,128.023,4
spotify:track:4o0LyB69tylqDG6eTGhmig,Fire for You,Shadows,Cannons,2019-07-12,231825,76,false,dalootrobber2121,2024-07-07T00:57:16Z,,Columbia,0.737,0.678,6,-7.011,0,0.0962,0.114,0.157,0.123,0.698,102.051,4
spotify:track:0aA78qHNABmPVAhqmlPe6l,Keep All That,Keep All That,Rich Amiri,2022-10-21,139075,0,true,dalootrobber2121,2024-07-09T18:32:07Z,rage rap,Rich Amiri,0.565,0.404,9,-8.43,0,0.0307,0.28,0,0.184,0.214,90.126,4
spotify:track:2wSTnntOPRi7aQneobFtU4,Shirt,SOS,SZA,2022-12-09,181840,68,true,dalootrobber2121,2024-07-10T20:38:24Z,r&b,Top Dawg Entertainment/RCA Records,0.848,0.512,3,-7.72,0,0.102,0.228,0.00232,0.0879,0.572,120.009,4
spotify:track:72cGBEqu7RitIOoACXYjfR,The Blonde,French Exit,TV Girl,2014-06-05,227760,80,false,dalootrobber2121,2024-07-29T04:36:51Z,,TV Girl,0.501,0.547,1,-7.961,0,0.0243,0.225,0.912,0.288,0.225,87.692,4
spotify:track:0tkgmjBMU6qSxolAKB3f2H,MERCEDES,MERCEDES,Brent Faiyaz,2021-12-03,233069,63,true,dalootrobber2121,2024-07-19T05:31:13Z,r&b,Lost Kids,0.547,0.619,3,-6.485,0,0.132,0.0951,0.00000262,0.0716,0.519,76.285,4
spotify:track:4iZ4pt7kvcaH6Yo8UoZ4s2,Snooze,SOS,SZA,2022-12-09,201800,87,true,dalootrobber2121,2024-07-24T05:15:00Z,r&b,Top Dawg Entertainment/RCA Records,0.559,0.551,5,-7.231,1,0.132,0.141,0,0.11,0.392,143.008,4
spotify:track:11bJ1ws3dathgY9uzADUhL,In The Night (feat. Jorja Smith & Amaarae),Bando Stone and The New World,Childish Gambino;Jorja Smith;Amaarae,2024-07-19,229999,54,true,dalootrobber2121,2024-07-25T19:11:10Z,"alté,afrobeats,afro r&b",Wolf+Rothstein/RCA Records,0.69,0.59,5,-9.624,1,0.093,0.0468,0.173,0.158,0.356,96.098,4
spotify:track:0gEyKnHvgkrkBM6fbeHdwK,Linger,"Everybody Else Is Doing It, So Why Can't We?",The Cranberries,1993-03-01,274706,86,false,dalootrobber2121,2024-07-27T04:40:26Z,,Island Records,0.439,0.434,7,-14.918,1,0.0265,0.0783,0.0000518,0.14,0.204,94.843,4
spotify:track:7EZC6E7UjZe63f1jRmkWxt,Zombie,No Need To Argue (The Complete Sessions 1994-1995),The Cranberries,1994-10-03,306440,21,false,dalootrobber2121,2024-07-27T04:41:00Z,,Island Records,0.309,0.649,7,-8.994,1,0.035,0.0158,0.00591,0.367,0.312,166.915,4
spotify:track:4JGKZS7h4Qa16gOU3oNETV,Dreams,"Everybody Else Is Doing It, So Why Can't We?",The Cranberries,1993-03-01,271560,82,false,dalootrobber2121,2024-07-27T05:09:43Z,,Island Records,0.551,0.645,4,-13.093,1,0.0354,0.0031,0.00376,0.421,0.508,128.665,4
spotify:track:19YKaevk2bce4odJkP5L22,Nikes,Blonde,Frank Ocean,2016-08-20,314075,71,true,dalootrobber2121,2024-07-29T04:37:02Z,,Boys Don't Cry,0.633,0.395,8,-9.638,1,0.0857,0.692,0.000222,0.108,0.123,138.023,4
spotify:track:70DOGQeW4mp3KdDv7pRGlD,First Light,Unreal Unearth,Hozier,2023-08-18,292080,50,false,dalootrobber2121,2024-08-02T01:43:31Z,,Rubyworks / Universal-Island Records Ltd,0.184,0.527,11,-5.224,0,0.0303,0.0345,0,0.0944,0.059,147.908,4
spotify:track:3lGPy4laQ3s4lT1pRXKmFC,Evangeline,Evangeline,Stephen Sanchez,2023-01-25,177880,53,false,dalootrobber2121,2024-08-05T22:43:30Z,,Republic Records,0.455,0.563,3,-7.15,1,0.0306,0.0581,0,0.169,0.203,109.218,4
spotify:track:1RMJOxR6GRPsBHL8qeC2ux,Best Part (feat. H.E.R.),Freudian,Daniel Caesar;H.E.R.,2017-08-25,209831,9,false,dalootrobber2121,2024-08-20T17:20:44Z,r&b,Golden Child Recordings,0.524,0.364,7,-10.209,1,0.0367,0.808,0,0.1,0.436,75.24,4
spotify:track:0JwfrZk5keNp3SYhZn6Wi1,No One Knows,A.M. Paradox,Brent Faiyaz,2016-09-20,271246,71,true,dalootrobber2121,2024-08-21T01:58:43Z,r&b,"Lost Kids, LLC",0.547,0.618,4,-9.709,0,0.207,0.357,0.0000431,0.106,0.307,103.919,4
spotify:track:4mYSL3RDHto3rcl7I57ndv,Moment Of Your Life (feat. Coco Jones),Larger Than Life,Brent Faiyaz;Coco Jones,2023-10-27,194159,64,true,dalootrobber2121,2024-08-31T05:33:17Z,r&b,ISO Supremacy under exclusive license to UnitedMasters LLC,0.77,0.463,10,-5.856,0,0.0488,0.684,0,0.0928,0.562,128.017,4
spotify:track:4qulzmZFfKLVcfpGXXCP9H,Belong To You (feat. Babyface Ray),Larger Than Life,Brent Faiyaz;Babyface Ray,2023-10-27,177593,55,true,dalootrobber2121,2024-08-31T05:33:23Z,r&b,ISO Supremacy under exclusive license to UnitedMasters LLC,0.611,0.357,0,-11.873,0,0.0655,0.127,0.000115,0.109,0.325,128.006,4
spotify:track:1dbar1XukTbn7FQzQTqDQK,Outside All Night (feat. A$AP Rocky & N3WYRKLA),Larger Than Life,Brent Faiyaz;N3WYRKLA;A$AP Rocky,2023-10-27,202841,67,true,dalootrobber2121,2024-08-31T05:33:33Z,"r&b,rap",ISO Supremacy under exclusive license to UnitedMasters LLC,0.646,0.648,1,-7.408,0,0.15,0.0741,0,0.215,0.833,141.966,4
spotify:track:18y43ozfWR9sp5vaD9cEqe,Pistachios,Larger Than Life,Brent Faiyaz,2023-10-27,189597,68,true,dalootrobber2121,2024-08-31T05:36:32Z,r&b,ISO Supremacy under exclusive license to UnitedMasters LLC,0.496,0.479,9,-9.214,0,0.141,0.563,0,0.0962,0.233,142.106,4
spotify:track:0cJTBlSiodwtdA5vdIbHhB,Pretend Lovers,Her Love Still Haunts Me Like a Ghost,Montell Fish,2022-10-28,193671,64,false,dalootrobber2121,2024-09-07T04:09:13Z,christian lo-fi,"Lord’s Child, LLC",0.647,0.387,8,-7.173,1,0.25,0.925,0.0288,0.104,0.397,120.039,5
spotify:track:3f9Mzvd3URfbbIJBX4pz9Z,Phone Numbers,Phone Numbers,Dominic Fike;Kenny Beats,2019-07-04,146826,71,true,dalootrobber2121,2024-09-07T04:10:39Z,,Columbia,0.884,0.539,1,-6.389,0,0.208,0.239,0,0.0805,0.776,85.008,4
spotify:track:25KybV9BOUlvcnv7nN3Pyo,In The Night,Beauty Behind The Madness,The Weeknd,2015-08-28,235653,72,true,dalootrobber2121,2024-09-07T04:16:20Z,,The Weeknd/Lyric,0.505,0.68,7,-4.993,1,0.0714,0.0796,0,0.0465,0.539,168.022,3
spotify:track:2UgQMe7z7PjgigZRIseUrh,trouble,trouble,frank edwin,2024-08-02,102713,0,false,dalootrobber2121,2024-09-11T02:53:49Z,,frank edwin,0.435,0.535,5,-11.629,0,0.276,0.359,0,0.121,0.35,76.702,4
spotify:track:2fXwCWkh6YG5zU1IyvQrbs,Broken Clocks,Ctrl,SZA,2017-06-09,231257,77,true,dalootrobber2121,2024-09-11T03:04:19Z,r&b,Top Dawg Entertainment/RCA Records,0.692,0.684,6,-7.364,1,0.155,0.131,0,0.156,0.406,112.912,4
spotify:track:48A0pIzaYUiYQmIa5wXTea,poison,poison,jaydes,2022-12-10,91281,65,false,dalootrobber2121,2024-09-15T21:16:07Z,,jaydes,0.815,0.356,7,-11.121,0,0.0349,0.828,0.0001,0.106,0.576,104.956,4
spotify:track:25tsnA5lDP4UctAQOoa8Ks,I'll Be Missing You,BAD BOY CELEBRATES DIDDY: The Artist,Diddy;112;Faith Evans,2022-06-24,306560,69,false,dalootrobber2121,2024-09-21T04:17:31Z,"hip hop,east coast hip hop,r&b",Warner Music Group - X5 Music Group,0.833,0.619,7,-5.595,1,0.0535,0.111,0.0000216,0.159,0.903,109.918,4
spotify:track:1zV2mbt3vg6yVr6Sb1PFjz,roll da dice,roll da dice,4batz;Lil Baby,2024-09-20,190948,0,true,dalootrobber2121,2024-09-21T17:10:09Z,,4batz,0.72,0.486,9,-13.581,0,0.115,0.519,0.0000219,0.0877,0.371,145.333,4
spotify:track:44MHQm2WIvsAXg14WKpCQp,Made to Fall in Love,Spotify Singles,Daniel Caesar,2020-05-13,293709,0,false,dalootrobber2121,2024-09-22T05:59:11Z,,Golden Child Recordings,0.843,0.478,7,-8.969,1,0.0474,0.111,0.216,0.09,0.539,144.002,4
spotify:track:3cuUZnjDwk4cUJCFinYbAC,Free Fall (feat. J. Cole),Born in the Wild,Tems;J. Cole,2024-06-06,192065,66,true,dalootrobber2121,2024-09-24T13:12:51Z,"afrobeats,afro r&b,alté,afrobeat,rap",RCA Records/Since 93',0.744,0.529,9,-6.559,0,0.0543,0.469,0.0447,0.105,0.795,92.044,4
spotify:track:4wXMa4oleu4CaD06V7zEyG,the Rake (can’t complain),the Rake (can’t complain),Riovaz,2023-09-13,181714,50,false,dalootrobber2121,2024-09-25T19:28:50Z,,Darkroom/Geffen Records,0.717,0.636,11,-8.709,1,0.0384,0.0645,0.00294,0.129,0.31,140.017,4
spotify:track:2drEUEg0TYQR6dDEHkpuPE,Patience,Patience,Tame Impala,2019-03-22,292267,65,false,dalootrobber2121,2024-09-26T17:52:36Z,"neo-psychedelic,indie",Universal Music Australia Pty. Ltd.,0.546,0.859,1,-5.966,1,0.0306,0.00223,0.000947,0.0529,0.645,99.965,4
spotify:track:2LlOeW5rVcvl3QcPNPcDus,Always,NEVER ENOUGH,Daniel Caesar,2023-04-07,225312,84,true,dalootrobber2121,2024-09-28T00:44:03Z,,Republic Records,0.578,0.436,2,-8.202,1,0.0461,0.666,0.0000019,0.106,0.199,135.86,4
spotify:track:1hAln1dqmyAOs12pwQxZrd,Teyana - Lost Tapes 2013,Teyana (Lost Tapes 2013),Tory Lanez,2024-09-27,160809,63,true,dalootrobber2121,2024-10-02T11:30:32Z,,One Umbrella Records,0.479,0.282,10,-14.794,0,0.163,0.196,0.00000817,0.0787,0.365,105.516,4
spotify:track:2nYeyMeqYDiFSYYtl2BWD6,Piece of My Heart (feat. Brent Faiyaz),Piece of My Heart (feat. Brent Faiyaz),Wizkid;Brent Faiyaz,2024-10-18,259354,56,false,dalootrobber2121,2024-10-18T13:35:54Z,"afrobeats,afrobeat,afropop,azonto,afroswing,afro r&b,afropiano,r&b",Starboy/RCA Records,0.737,0.648,1,-5.493,1,0.138,0.252,0.00000692,0.105,0.746,93.2,4
spotify:track:0zWbYGQq5O1KQd0iqzgjP6,Rehab (Winter In Paris),Fuck The World,Brent Faiyaz,2020-02-07,180303,72,true,dalootrobber2121,2024-10-22T00:12:32Z,r&b,Lost Kids,0.549,0.242,5,-11.692,1,0.038,0.809,0.000081,0.127,0.286,144.211,4
spotify:track:5bPZPEsUACrQXER6FcMs7F,Paradise (feat. Badbadnotgood & Sean Leon),Pilgrim's Paradise,Daniel Caesar;BADBADNOTGOOD;Sean Leon,2015-11-12,266470,0,true,dalootrobber2121,2024-10-23T15:38:05Z,,Daniel Caesar,0.437,0.792,8,-6.792,1,0.0354,0.0574,0.00000146,0.22,0.402,83.961,4
spotify:track:6LOZws7T3jqZz78unPgFF9,Dead To Me,Isolation,Kali Uchis,2018-04-06,199505,75,false,dalootrobber2121,2024-10-29T00:30:33Z,,EMI,0.675,0.761,4,-4.469,0,0.0466,0.432,0,0.102,0.428,119.001,4
spotify:track:2kSb3wYSOV996xA2NSmpck,Melting,Por Vida,Kali Uchis,2015-02-04,208853,48,false,dalootrobber2121,2024-10-29T00:39:31Z,,Kali Uchis LLC,0.574,0.479,8,-7.776,1,0.0355,0.179,0.0803,0.106,0.303,115.263,4
spotify:track:0VaeksJaXy5R1nvcTMh3Xk,"Darling, I (feat. Teezo Touchdown)",CHROMAKOPIA,"Tyler, The Creator;Teezo Touchdown",2024-10-28,253834,73,true,dalootrobber2121,2024-10-29T23:42:13Z,,Columbia,0.373,0.818,3,-3.19,0,0.102,0.36,0,0.434,0.361,97.571,4
spotify:track:74fQgHleHZ4V7Gm1XYcGkj,One Night Only,One Night Only,Sonder,2018-02-09,195909,76,false,dalootrobber2121,2024-10-31T00:09:02Z,"dark r&b,r&b",Sonder Global / Human Re Sources,0.874,0.402,4,-5.786,1,0.0691,0.263,0.00094,0.147,0.764,119.99,4
spotify:track:7H7NyZ3G075GqPx2evsfeb,Chamber Of Reflection,Salad Days,Mac DeMarco,2014-04-01,231723,83,false,dalootrobber2121,2024-11-04T01:46:44Z,"indie,lo-fi indie",Captured Tracks,0.538,0.557,11,-8.678,1,0.0914,0.262,0.914,0.102,0.506,131.03,4
spotify:track:3yw3m8wgRB4ptDyAvtdhq5,Tomorrow,CHROMAKOPIA,"Tyler, The Creator",2024-10-28,182326,62,true,dalootrobber2121,2024-11-05T00:46:36Z,,Columbia,0.463,0.541,1,-6.594,1,0.0385,0.811,0.0000661,0.125,0.307,95.827,4
spotify:track:4BSR9I4ExlCJdXJo2GpBD5,Take Your Mask Off (feat. Daniel Caesar & LaToiya Williams),CHROMAKOPIA,"Tyler, The Creator;Daniel Caesar;LaToiya Williams",2024-10-28,253909,67,true,dalootrobber2121,2024-11-05T01:04:45Z,,Columbia,0.503,0.658,6,-5.823,0,0.154,0.46,0,0.382,0.515,121.784,5
spotify:track:0WbMK4wrZ1wFSty9F7FCgu,"Good Luck, Babe!","Good Luck, Babe!",Chappell Roan,2024-04-05,218423,89,false,dalootrobber2121,2024-11-06T00:09:33Z,,Chappell Roan PS/ Island,0.7,0.582,11,-5.96,0,0.0356,0.0502,0,0.0881,0.785,116.712,4
spotify:track:6dOtVTDdiauQNBQEDOtlAB,BIRDS OF A FEATHER,HIT ME HARD AND SOFT,Billie Eilish,2024-05-17,210373,94,false,dalootrobber2121,2024-11-06T01:52:22Z,,Darkroom/Interscope Records,0.747,0.507,2,-10.171,1,0.0358,0.2,0.0608,0.117,0.438,104.978,4
spotify:track:5UHM8Z6GXhaB6RUlBemByI,Break of Dawn,Invincible,Michael Jackson,2001-10-29,332782,61,false,dalootrobber2121,2024-11-06T20:31:17Z,,Epic,0.658,0.648,1,-3.074,1,0.106,0.39,0,0.127,0.409,81.007,4
spotify:track:6QdnKD1zwEgyOWtkrdzlOF,Hurt You,"My Dear Melancholy,",The Weeknd;Gesaffelstein,2018-03-30,230026,71,true,dalootrobber2121,2024-11-11T03:59:24Z,,The Weeknd/Lyric,0.477,0.718,5,-7.227,0,0.15,0.259,0.00275,0.109,0.361,183.934,4
spotify:track:47y5boKoOnJoSpBpPEZvhz,Lost Kids Get Money,Fuck The World,Brent Faiyaz,2020-02-07,178488,54,true,dalootrobber2121,2024-11-12T01:39:35Z,r&b,Lost Kids,0.733,0.613,7,-6.366,0,0.0562,0.086,0.00122,0.0919,0.577,150.514,4
spotify:track:35sZOqVnTQNIGWGURrFdLh,Dreamin,Dreamin,PARTYNEXTDOOR,2015-03-08,147146,80,true,dalootrobber2121,2024-11-12T18:31:54Z,"dark r&b,r&b,trap soul",OVO Sound,0.746,0.629,9,-6.463,1,0.0454,0.218,0.000293,0.112,0.163,114.727,4
spotify:track:2Q3jFbyE61mCjS3SkW4toJ,Race My Mind,Certified Lover Boy,Drake,2021-09-03,269883,72,true,dalootrobber2121,2024-11-13T00:51:14Z,rap,OVO,0.488,0.635,10,-7.19,1,0.26,0.179,0.00000816,0.156,0.783,174.072,4
spotify:track:16gJmoOqRt2lKmlXtDpWgH,Cariño,"Superclean, Vol. II",The Marías,2018-09-28,258713,74,false,dalootrobber2121,2024-11-20T01:16:25Z,bedroom pop,Superclean Records,0.646,0.47,0,-10.697,0,0.0284,0.4,0.0348,0.11,0.651,113.995,4
spotify:track:3siwsiaEoU4Kuuc9WKMUy5,No One Noticed,Submarine,The Marías,2024-05-31,236906,90,false,dalootrobber2121,2024-11-20T01:17:24Z,bedroom pop,Nice Life/Atlantic,0.705,0.339,7,-10.612,1,0.0278,0.552,0.0814,0.12,0.457,97.989,4
spotify:track:7JEzAlwHhCD2M1cYE6BeqJ,Loving Machine,Who Really Cares,TV Girl,2016-02-25,227000,81,false,dalootrobber2121,2024-11-23T05:09:45Z,,TV Girl,0.58,0.69,0,-9.52,1,0.0267,0.568,0.0221,0.226,0.922,89.981,4
spotify:track:3fHwrZ7pLD4cykAj3n9Lc1,Buyer's Remorse (feat. Omar Apollo),NEVER ENOUGH,Daniel Caesar;Omar Apollo,2023-04-07,152170,62,false,dalootrobber2121,2024-11-23T05:24:48Z,bedroom pop,Republic Records,0.559,0.22,5,-11.006,0,0.0527,0.938,0.0000965,0.177,0.164,113.621,4
spotify:track:0b6l1obmzq1YrqiKBVLtIo,FRONTAL LOBE MUZIK,CASE STUDY 01,Daniel Caesar;Pharrell Williams,2019-06-28,229401,0,true,dalootrobber2121,2024-11-25T02:54:30Z,,Golden Child Recordings,0.681,0.568,11,-6.264,0,0.136,0.439,0.000173,0.446,0.301,140.004,4
spotify:track:46CA1H0T1r7u5lDUtVveAh,"FUCKING YOUNG / PERFECT (feat. Charlie Wilson, Chaz Bundick, Sydney Bennett & Kali Uchis)",Cherry Bomb,"Tyler, The Creator;Charlie Wilson;Chaz Bundick;Syd;Kali Uchis",2015-04-13,401572,61,true,dalootrobber2121,2024-11-25T03:00:41Z,"sexy drill,neo-psychedelic,psychedelic rock,alternative r&b",Odd Future,0.232,0.705,5,-6.928,1,0.0997,0.032,0.000066,0.185,0.352,74.28,4
spotify:track:6MF5JoJYj5uK07Si6fRAPM,HEAL YOUR HEART (INTERLUDE),WASTELAND,Brent Faiyaz,2022-07-08,75043,58,true,dalootrobber2121,2024-11-27T04:52:07Z,r&b,"Lost Kids LLC., Marketed by Venice / Stem",0.287,0.332,1,-10.15,0,0.0433,0.678,0.00375,0.11,0.204,177.804,4
spotify:track:6N9U1wkWniSXD4TKD4ln0h,WASTING TIME (FEAT. DRAKE & THE NEPTUNES),WASTELAND,Brent Faiyaz;Drake;The Neptunes,2022-07-08,301304,58,true,dalootrobber2121,2024-11-27T04:53:23Z,"r&b,rap","Lost Kids LLC., Marketed by Venice / Stem",0.443,0.72,7,-3.743,0,0.0733,0.0669,0,0.0909,0.374,89.378,4
spotify:track:1jPd5Qku1J3kBN5nonrYDg,For Me - Remix,For Me (Remix),Loe Shimmy;Brent Faiyaz,2024-11-07,203624,58,false,dalootrobber2121,2024-11-27T14:33:39Z,"sexy drill,r&b",Open Shift Distribution,0.645,0.365,1,-8.834,0,0.407,0.738,0,0.154,0.514,82.428,4
spotify:track:6qBFSepqLCuh5tehehc1bd,Like I Want You,TAKE TIME,GIVĒON,2020-03-27,260776,79,false,dalootrobber2121,2024-11-28T02:39:02Z,r&b,Epic/Not So Fast,0.678,0.355,10,-7.757,0,0.0627,0.759,0.0000706,0.114,0.438,119.772,3
spotify:track:5WNYg3usc6H8N3MBEp4zVk,Boredom (feat. Rex Orange County & Anna of the North),Flower Boy,"Tyler, The Creator;Rex Orange County;Anna of the North",2017-07-21,320720,66,true,dalootrobber2121,2024-11-28T03:08:42Z,bedroom pop,Columbia,0.559,0.578,8,-9.54,1,0.151,0.79,0.000522,0.324,0.239,79.938,4
spotify:track:524wvipGqxPKYWxkjf9y46,Little Bit (feat. Lykke Li),So Far Gone,Drake;Lykke Li,2009,230484,71,true,dalootrobber2121,2024-12-02T03:05:25Z,rap,Young Money/Cash Money Records,0.758,0.888,11,-4.899,0,0.0374,0.0999,0.0336,0.661,0.771,120.392,4
spotify:track:7JXZq0JgG2zTrSOAgY8VMC,Jungle,If You're Reading This It's Too Late,Drake,2015-02-12,320400,75,true,dalootrobber2121,2024-12-07T03:01:56Z,rap,Cash Money Records/Young Money Ent./Universal Rec.,0.697,0.235,7,-8.651,1,0.0534,0.62,0.000144,0.107,0.378,99.947,4
spotify:track:1Xm9CQRcJbOgTCpKCpS9s5,Talk 2 U,Sonder Son,Brent Faiyaz,2017-10-13,159485,67,false,dalootrobber2121,2024-12-08T00:29:36Z,r&b,Lost Kids,0.688,0.634,5,-10.443,0,0.0929,0.14,0.000263,0.253,0.561,88.018,4
spotify:track:5TTGoX70AFrTvuEtqHK37S,No. 1 Party Anthem,AM,Arctic Monkeys,2013-09-09,243131,86,false,dalootrobber2121,2024-12-17T20:12:16Z,"indie,garage rock",Domino Recording Co,0.505,0.698,0,-5.563,1,0.0297,0.33,0.0887,0.0966,0.599,115.013,4
spotify:track:3jbmFRlCmqYOfjKXe1ve82,On This Side (feat. A$AP Ant & CruddyMurda),Larger Than Life,Brent Faiyaz;CruddyMurda;A$AP ANT,2023-10-27,178628,51,true,dalootrobber2121,2024-12-21T03:18:18Z,"r&b,cloud rap",ISO Supremacy under exclusive license to UnitedMasters LLC,0.821,0.541,1,-6.98,1,0.232,0.00985,0,0.0645,0.665,136.075,4
spotify:track:2yr2HnFYl7XvqJk4fXoQBt,I Don't Wanna Know (feat. Enya & P. Diddy) - 2016 Remaster,Bad Boy 20th Anniversary Box Set Edition,Mario Winans;Enya;Diddy,2016-08-12,257333,64,false,dalootrobber2121,2024-12-31T13:11:56Z,"r&b,new age,celtic,hip hop,east coast hip hop",Rhino Atlantic,0.833,0.515,11,-5,0,0.0462,0.347,0.00156,0.116,0.4,97.007,4
spotify:track:7DthGkMhQH9REePi7nBUm4,Valentina (feat. Rick Ross) - Bonus,NEVER ENOUGH (Bonus Version),Daniel Caesar;Rick Ross,2023-04-10,236739,59,true,dalootrobber2121,2025-01-05T17:35:29Z,southern hip hop,Republic Records,0.758,0.381,5,-5.125,0,0.0502,0.348,0.00771,0.101,0.341,91.988,4
spotify:track:6jgkEbmQ2F2onEqsEhiliL,My Kind of Woman,2,Mac DeMarco,2012-10-16,190845,82,false,dalootrobber2121,2025-01-06T02:01:33Z,"indie,lo-fi indie",Captured Tracks,0.501,0.765,6,-7.063,0,0.0281,0.00294,0.49,0.184,0.46,91.771,4
spotify:track:7uWVT3UkCAZyANvv0bdyQn,These Walls,To Pimp A Butterfly,Kendrick Lamar;Bilal;Anna Wise;Thundercat,2015-03-16,300973,65,true,dalootrobber2121,2025-01-07T01:01:11Z,"hip hop,west coast hip hop,neo soul,alternative r&b",Aftermath,0.752,0.489,1,-5.233,1,0.137,0.11,0.00000357,0.202,0.373,108.005,4
spotify:track:3ym8ajVmKm6Fybgov3WBI5,Let Me Go,NEVER ENOUGH,Daniel Caesar,2023-04-07,216524,77,false,dalootrobber2121,2025-01-07T03:31:00Z,,Republic Records,0.591,0.473,7,-8.122,0,0.0708,0.694,0.00334,0.108,0.451,152.88,4
spotify:track:0x1H3uM6zu2xYNMGMDNIqc,Came Right Back,Lost,Brent Faiyaz,2018-10-19,240859,53,true,dalootrobber2121,2025-01-08T02:40:29Z,r&b,Lost Kids / Human Re Sources,0.409,0.358,7,-15.041,0,0.361,0.623,0.00000108,0.133,0.311,82.174,4
spotify:track:4h5x3XHLVYFJaItKuO2rhy,Ghost in the Machine (feat. Phoebe Bridgers),SOS,SZA;Phoebe Bridgers,2022-12-09,218586,69,true,dalootrobber2121,2025-01-08T02:41:11Z,r&b,Top Dawg Entertainment/RCA Records,0.624,0.433,6,-9.572,1,0.0467,0.837,0.0294,0.113,0.589,124.979,4
spotify:track:7lTUaX0Bs1uE9ALFsmLF8G,Favour,Favour,Avenoir,2024-08-16,156000,66,false,dalootrobber2121,2025-01-09T03:09:55Z,"dark r&b,alternative r&b,r&b","Avenoir, under exclusive license to LISTEN TO THE KIDS",0.62,0.521,9,-8.028,0,0.0449,0.384,0.0467,0.3,0.42,100.025,4
spotify:track:4nwSwALkSaxA26bEANsi20,Eve,Eve,Avenoir,2022-06-10,163728,61,false,dalootrobber2121,2025-01-09T03:14:30Z,"dark r&b,alternative r&b,r&b",Avenoir,0.506,0.117,9,-25.735,0,0.0372,0.762,0.000285,0.0838,0.254,118.065,4
spotify:track:2flxduIqEbsicdmPyj1WVW,Imagination,Imagination,Foster The People,2019-06-21,256266,70,false,dalootrobber2121,2025-01-11T21:02:50Z,,Columbia,0.744,0.642,2,-4.6,0,0.031,0.115,0.0000395,0.279,0.63,94.988,4
spotify:track:2AT8iROs4FQueDv2c8q2KE,R U Mine?,AM,Arctic Monkeys,2013-09-09,201726,81,false,dalootrobber2121,2025-01-12T05:20:29Z,"indie,garage rock",Domino Recording Co,0.288,0.758,6,-5.692,0,0.0371,0.00616,0,0.303,0.619,97.094,4
spotify:track:1REVvAphiSTJyKQ1fDpHa4,Purple Hearts,Mr. Morale & The Big Steppers,Kendrick Lamar;Summer Walker;Ghostface Killah,2022-05-13,329295,61,true,dalootrobber2121,2025-01-12T05:35:11Z,"hip hop,west coast hip hop,r&b,east coast hip hop,hardcore hip hop,old school hip hop",pgLang/Top Dawg Entertainment/Aftermath/Interscope Records,0.567,0.824,3,-6.973,0,0.296,0.167,0.00000265,0.149,0.737,138.202,4
spotify:track:4Wjhj0WjkyECccfHVIgaTq,Trust Issues,Care Package,Drake,2019-08-02,281518,80,true,dalootrobber2121,2025-01-12T05:37:40Z,rap,OVO,0.421,0.539,11,-5.456,0,0.274,0.779,0,0.111,0.523,89.177,3
spotify:track:6XaJfhwof7qIgbbXO5tIQI,Igual Que Un Ángel (with Peso Pluma),ORQUÍDEAS,Kali Uchis;Peso Pluma,2024-01-12,260370,78,false,dalootrobber2121,2025-01-13T16:20:55Z,"corrido,corridos tumbados,corridos bélicos,música mexicana,sad sierreño,sierreño,banda",Geffen Records,0.695,0.592,5,-5.34,0,0.032,0.00449,0.000663,0.185,0.482,108.001,4
spotify:track:3uouaAVXpQR3X8RYkJyitQ,CYANIDE,CASE STUDY 01,Daniel Caesar,2019-06-28,194959,2,true,dalootrobber2121,2025-01-14T00:13:36Z,,Golden Child Recordings,0.589,0.652,10,-7.498,1,0.373,0.704,0.00055,0.125,0.486,158.49,4
spotify:track:0gf3IZ1k7teUROj3lmUOZM,DIFFERENT,NOIRE,Avenoir,2023-12-08,155586,58,false,dalootrobber2121,2025-01-14T00:26:41Z,"dark r&b,alternative r&b,r&b","Avenoir, under exclusive license to LISTEN TO THE KIDS",0.375,0.24,10,-15.11,0,0.037,0.939,0.0112,0.125,0.109,126.003,4
spotify:track:6gU9OKjOE7ghfEd55oRO57,The Weekend,Ctrl,SZA,2017-06-09,272193,74,true,dalootrobber2121,2025-01-14T00:28:36Z,r&b,Top Dawg Entertainment/RCA Records,0.4,0.366,8,-9.405,0,0.0597,0.242,0,0.126,0.161,73.313,3
spotify:track:6jTQijAuYxOd8DjQ8D6UkL,What Do I Do,SOS Deluxe: LANA,SZA,2024-12-20,167448,66,true,dalootrobber2121,2025-01-14T02:05:42Z,r&b,Top Dawg Entertainment/RCA Records,0.68,0.543,8,-8.308,1,0.0505,0.536,0.000929,0.164,0.66,146.037,4
spotify:track:7piMQmCeoMwT3jwJcLroN3,WHITE CROCS (with Ryan Trey),moreward(FORWARD),Jordan Ward;Ryan Trey,2023-08-25,147773,58,true,dalootrobber2121,2025-01-14T10:50:07Z,"alternative r&b,dark r&b,trap soul","ARTium Recordings, LLC/Interscope Records",0.707,0.429,1,-9.486,1,0.0305,0.585,0.000326,0.25,0.111,92.032,4
spotify:track:1jQfgl9WRle7D8a3GXLwaD,Transform (feat. Charlotte Day Wilson),Freudian,Daniel Caesar;Charlotte Day Wilson,2017-08-25,280586,1,false,dalootrobber2121,2025-01-16T10:59:47Z,,Golden Child Recordings,0.498,0.292,5,-10.656,1,0.031,0.511,0.000019,0.256,0.348,68.963,4
spotify:track:6P76Ve1pRObGGpuUTbYwsA,Wherever I Go,Larger Than Life,Brent Faiyaz,2023-10-27,181063,56,true,dalootrobber2121,2025-01-19T08:15:12Z,r&b,ISO Supremacy under exclusive license to UnitedMasters LLC,0.649,0.522,3,-9.02,0,0.0774,0.458,0.00000206,0.388,0.458,73.981,4
spotify:track:6YoIklDN0qyJA1NuXwKrEw,TRACK 02 (Dangerous Lover),NOIRE,Avenoir,2023-12-08,178280,56,false,dalootrobber2121,2025-01-19T20:41:03Z,"dark r&b,alternative r&b,r&b","Avenoir, under exclusive license to LISTEN TO THE KIDS",0.445,0.271,6,-13.933,0,0.0288,0.811,0.000555,0.248,0.11,97.98,4
spotify:track:2r7BPog74oaTG5shNYiUnV,House Of Balloons / Glass Table Girls,House Of Balloons (Original),The Weeknd,2011-03-21,407315,79,true,dalootrobber2121,2025-01-24T00:20:30Z,,The Weeknd/Lyric,0.662,0.511,0,-8.419,1,0.0342,0.00237,0.0036,0.275,0.228,88.989,4
spotify:track:7Cu2COdH93MnuireuKNiS3,Streetcar,Pilgrim's Paradise,Daniel Caesar,2015-11-12,246972,1,false,dalootrobber2121,2025-01-25T04:48:57Z,,Daniel Caesar,0.41,0.298,3,-11.796,1,0.0473,0.721,0,0.158,0.142,109.651,3
spotify:track:4D0Byc3cOz9ywxlo78K3qr,Lotus Flower Bomb (feat. Miguel),Ambition,Wale;Miguel,2011-10-28,213253,55,true,dalootrobber2121,2025-01-27T13:00:48Z,r&b,MMG/Warner Records,0.512,0.598,9,-4.959,0,0.115,0.611,0,0.0881,0.345,70.189,4
spotify:track:54IbnYEdA3ymfxv07WgN3b,Your Teeth In My Neck,Isolation,Kali Uchis,2018-04-06,186181,69,false,dalootrobber2121,2025-01-28T04:13:43Z,,EMI,0.853,0.604,3,-5.794,0,0.0511,0.0696,0.00000165,0.135,0.86,116,4
spotify:track:2CInzVilMduj9L8dDXwyUA,Make Luv,Make Luv,Brent Faiyaz,2018-02-09,193309,60,false,dalootrobber2121,2025-01-28T04:17:19Z,r&b,Lost Kids / Human Re Sources,0.661,0.413,8,-9.069,0,0.218,0.441,0.0000419,0.114,0.276,143.974,4
spotify:track:6Aj2H0Z0v0JgnSfPEwCgW0,Babylon (feat. Kendrick Lamar),Z,SZA;Kendrick Lamar,2014-04-08,234284,55,true,dalootrobber2121,2025-01-28T10:39:55Z,"r&b,hip hop,west coast hip hop",Top Dawg Entertainment,0.51,0.71,5,-6.891,0,0.113,0.629,0,0.0607,0.367,131.891,4
spotify:track:3NktF1rRdORH8FH3p8wKp3,Indonesian Fantasies,Too Late To Die Young,Sonder,2022-10-21,119505,64,true,dalootrobber2121,2025-01-29T10:06:06Z,"dark r&b,r&b",Sonder Global LLC,0.789,0.521,1,-7.923,0,0.115,0.0657,0.000155,0.0918,0.529,91.018,4
spotify:track:3detfCDz7x2G34sKD1XzA6,Bluffin,Fuck The World,Brent Faiyaz,2020-02-07,195802,59,false,dalootrobber2121,2025-02-01T04:44:17Z,r&b,Lost Kids,0.584,0.37,0,-9.493,0,0.0553,0.678,0,0.108,0.281,148.981,4
spotify:track:2fyIS6GXMgUcSv4oejx63f,Mardy Bum,"Whatever People Say I Am, That's What I'm Not",Arctic Monkeys,2006-01-29,175440,73,false,dalootrobber2121,2025-03-20T19:01:07Z,"indie,garage rock",Domino Recording Co,0.634,0.599,2,-5.447,1,0.0365,0.0288,0,0.197,0.312,112.215,4
spotify:track:7e8utCy2JlSB8dRHKi49xM,Fluorescent Adolescent,Favourite Worst Nightmare (Standard Version),Arctic Monkeys,2007-04-24,173493,73,false,dalootrobber2121,2025-03-20T22:21:57Z,"indie,garage rock",Domino/Warner Records,0.646,0.813,6,-5.29,0,0.0288,0.00178,0.0000226,0.144,0.821,112.115,4
spotify:track:3FtYbEfBqAlGO46NUDQSAt,Electric Feel,Oracular Spectacular,MGMT,2007-12-14,229640,80,false,dalootrobber2121,2025-03-20T22:43:37Z,indie,Red Ink/Columbia,0.763,0.803,1,-3.713,1,0.0351,0.0709,0.285,0.348,0.561,103.04,3
spotify:track:5M4yti0QxgqJieUYaEXcpw,Eventually,Currents,Tame Impala,2015-07-17,318591,79,false,dalootrobber2121,2025-03-20T22:43:52Z,"neo-psychedelic,indie",Universal Music Australia Pty. Ltd.,0.424,0.615,9,-6.217,0,0.0325,0.0158,0.000389,0.0844,0.155,77.935,4
spotify:track:0q6LuUqGLUiCPP1cbdwFs3,On Melancholy Hill,Plastic Beach,Gorillaz,2010-03-03,233866,84,false,dalootrobber2121,2025-03-20T22:44:15Z,,Parlophone UK,0.689,0.739,2,-5.81,1,0.026,0.0000151,0.509,0.064,0.578,120.423,4
spotify:track:0qksx8mV28lztYIZ1om8ml,Shiver,Parachutes,Coldplay,2000-07-10,304200,67,false,dalootrobber2121,2025-03-20T23:32:50Z,,Parlophone UK,0.396,0.803,4,-6.186,1,0.0487,0.0334,0,0.0688,0.286,116.705,3
spotify:track:4P5KoWXOxwuobLmHXLMobV,Come As You Are,Nevermind (Remastered),Nirvana,1991-09-26,218920,81,false,dalootrobber2121,2025-03-20T23:36:31Z,"grunge,rock",Geffen,0.5,0.824,4,-5.846,0,0.0388,0.00016,0.00161,0.0916,0.539,120.125,4
spotify:track:1xK59OXxi2TAAAbmZK0kBL,Romantic Homicide,Romantic Homicide,d4vd,2022-07-20,132630,84,false,dalootrobber2121,2025-04-09T17:42:00Z,,Darkroom/Interscope Records,0.571,0.544,6,-10.613,1,0.0299,0.453,0.00805,0.322,0.216,132.052,4
spotify:track:2Hd7uGbl8PX0IxyX59VFOg,The Beach,TAKE TIME,GIVĒON,2020-03-27,205663,72,false,dalootrobber2121,2025-04-12T20:34:57Z,r&b,Epic/Not So Fast,0.649,0.509,3,-9.502,0,0.0659,0.181,0.000655,0.932,0.223,99.813,4
spotify:track:6uVZddXkgQIArp8myEHs4x,Mercury,Gemini Rights,Steve Lacy,2022-07-15,295411,63,true,dalootrobber2121,2025-04-13T22:08:18Z,,L-M Records/RCA Records,0.699,0.75,9,-6.481,0,0.0542,0.543,0.0137,0.333,0.887,151.035,3
spotify:track:2ss03wfWSV9g3DdvDklHH2,AFTER HOURS,AFTER HOURS,Avenoir,2023-10-27,173026,60,true,dalootrobber2121,2025-04-15T00:46:01Z,"dark r&b,alternative r&b,r&b","Avenoir, under exclusive license to LISTEN TO THE KIDS",0.285,0.16,1,-14.875,0,0.0363,0.949,0.000346,0.376,0.306,168.512,4
spotify:track:7oe04qLMdQxHXhcGIfShXf,Piggypink,Piggypink,Hotel Ugly,2021-03-31,160000,62,false,dalootrobber2121,2025-04-18T04:09:14Z,,"Hotel Ugly, under exclusive license to Amuseio AB",0.877,0.462,0,-14.419,0,0.0542,0.21,0.000208,0.145,0.888,119.989,4
spotify:track:5rmmw20qm7TDplJvyQAhIn,I. Pink Toes,Because the Internet,Childish Gambino;Jhené Aiko,2013-12-10,207066,64,true,dalootrobber2121,2025-04-19T15:37:35Z,r&b,Glassnote - VMG,0.42,0.621,7,-9.512,1,0.0749,0.0599,0.000209,0.575,0.351,79.615,4
spotify:track:0DmkBOGgEWMbUJlL6VwwF2,Helmet,Gemini Rights,Steve Lacy,2022-07-15,201510,70,true,dalootrobber2121,2025-04-22T05:14:58Z,,L-M Records/RCA Records,0.612,0.675,9,-6.518,0,0.0231,0.0994,0,0.217,0.763,97.04,4
spotify:track:5mIOsPuQdXchVY0jB5NO9Q,4EVER,4EVER,Clairo,2018-04-27,159595,6,false,dalootrobber2121,2025-04-28T03:25:27Z,bedroom pop,FADER Label,0.75,0.585,9,-7.576,0,0.0285,0.049,0.00552,0.155,0.584,102.331,4
spotify:track:5hM5arv9KDbCHS0k9uqwjr,Borderline,The Slow Rush,Tame Impala,2020-02-14,237800,85,false,dalootrobber2121,2025-04-28T03:39:39Z,"neo-psychedelic,indie",Universal Music Australia Pty. Ltd.,0.621,0.873,5,-3.067,0,0.0369,0.0406,0.0000091,0.0824,0.873,97.96,4
spotify:track:74atKkOasLOVzvqB6mYgga,The Real Her,Take Care (Deluxe),Drake;Lil Wayne;André 3000,2011-11-15,321080,65,true,dalootrobber2121,2025-04-28T03:44:58Z,"rap,hip hop,ambient jazz",Cash Money Records/Young Money Ent./Universal Rec.,0.567,0.309,8,-14.254,1,0.385,0.166,0,0.12,0.509,65.041,4
spotify:track:4fPjI40ElIwJQ4DJJxSCOe,Attracted to You,Attracted To You,PinkPantheress,2021-07-09,67638,74,false,dalootrobber2121,2025-05-02T01:47:52Z,bedroom pop,Parlophone UK,0.727,0.58,6,-11.094,1,0.192,0.0372,0.00377,0.0596,0.75,114.21,4
spotify:track:5LrN7yUQAzvthd4QujgPFr,Here With Me,Petals to Thorns,d4vd,2023-05-26,242484,34,false,dalootrobber2121,2025-05-08T01:15:50Z,,Darkroom/Interscope Records,0.575,0.45,4,-9.306,1,0.0259,0.531,0.0000659,0.124,0.263,132.039,4
spotify:track:0q75NwOoFiARAVp4EXU4Bs,Love Galore (feat. Travis Scott),Ctrl,SZA;Travis Scott,2017-06-09,275085,75,true,dalootrobber2121,2025-05-08T01:17:50Z,"r&b,rap",Top Dawg Entertainment/RCA Records,0.795,0.594,0,-6.2,1,0.0748,0.112,0,0.162,0.409,135.002,4
spotify:track:2uvE4L5ZsYKpv8hbK4TIOt,MUTT,MUTT,Leon Thomas,2024-09-27,192933,81,true,dalootrobber2121,2025-05-09T01:54:15Z,,EZMNY Records/Motown Records,0.572,0.455,1,-8.078,1,0.134,0.216,0.00000388,0.072,0.597,179.787,4
spotify:track:2Gyc6e2cLxA5hoX1NOvYnU,Say It,I Told You,Tory Lanez,2016-08-19,237786,79,true,dalootrobber2121,2025-05-09T09:14:07Z,,Benny Blanco Major,0.546,0.529,11,-10.511,0,0.0583,0.0869,0.00000637,0.124,0.248,107.333,4
spotify:track:34D6FJysnQioVingDKufuf,N 2 Deep,Certified Lover Boy,Drake;Future,2021-09-03,273577,69,true,dalootrobber2121,2025-05-10T12:48:12Z,rap,OVO,0.507,0.429,2,-7.726,1,0.326,0.0518,0,0.109,0.0744,91,3
spotify:track:1c2wTe7doRRk2n1XZe0KAM,Lovely,Into,Sonder,2017-01-27,291448,65,true,dalootrobber2121,2025-05-11T05:20:10Z,"dark r&b,r&b",Sonder,0.506,0.503,8,-9.003,0,0.0468,0.581,0.000534,0.628,0.133,144.015,3
spotify:track:4s76r7AbquJcTccqJiqdVu,Hold Me Down,Freudian,Daniel Caesar,2017-08-25,231267,82,false,dalootrobber2121,2025-06-21T04:10:41Z,,HV Recordings,0.398,0.432,8,-9.815,0,0.059,0.618,0.000386,0.0971,0.265,115.578,4
spotify:track:6M0EP76qW9TG4SNU0agu94,Uuuu,The Lo-Fis,Steve Lacy,2020-12-04,90708,69,false,dalootrobber2121,2025-06-21T04:35:57Z,,L-M Records,0.947,0.616,9,-3.602,1,0.0415,0.0168,0.259,0.0658,0.968,127.082,4
spotify:track:0725YWm6Z0TpZ6wrNk64Eb,Super Rich Kids,channel ORANGE,Frank Ocean;Earl Sweatshirt,2012-07-10,304760,76,true,dalootrobber2121,2025-06-22T04:03:03Z,"experimental hip hop,alternative hip hop",Red Zone Entertainment / IDJ,0.739,0.419,3,-8.241,0,0.0854,0.219,0,0.196,0.58,60.493,4
spotify:track:70LcF31zb1H0PyJoS1Sx1r,Creep,Pablo Honey,Radiohead,1993-02-22,238640,92,true,dalootrobber2121,2025-07-17T03:39:55Z,"art rock,alternative rock",XL Recordings,0.515,0.43,7,-9.935,1,0.0372,0.0097,0.000133,0.129,0.104,91.844,4
spotify:track:7D0RhFcb3CrfPuTJ0obrod,Sparks,Parachutes,Coldplay,2000-07-10,227093,90,false,dalootrobber2121,2025-07-28T17:56:54Z,,Parlophone UK,0.371,0.268,1,-10.506,1,0.0281,0.748,0.0517,0.104,0.165,102.617,3
spotify:track:4uBQDAzZ881KYZvW7ZInUn,Stop Selling Her Drugs (feat. Dominic Fike),Will You Be My Yellow?,Bakar;Dominic Fike,2019-09-20,173349,56,true,dalootrobber2121,2025-08-30T01:14:32Z,,Black Butter,0.847,0.275,5,-6.44,1,0.113,0.61,0,0.0737,0.764,85.007,4
spotify:track:1c5CllrZr45UBhWpIqM332,Funny Thing,It Is What It Is,Thundercat,2020-04-03,116630,73,false,dalootrobber2121,2025-09-03T03:25:52Z,,Brainfeeder,0.586,0.893,7,-8.772,1,0.439,0.827,0.642,0.212,0.65,140.023,3
spotify:track:0qQcQIj6htaCX7KFrsciNU,King of Sorrow,Lovers Rock,Sade,2000-11-13,293000,60,false,dalootrobber2121,2025-09-03T04:17:40Z,,Epic,0.722,0.426,8,-9.952,1,0.0378,0.366,0.022,0.0743,0.38,82.489,4
spotify:track:34HgIvucTKJvDgzHVMaGLG,I Think I Left the Stove On,I Think I Left the Stove On,Hotel Ugly,2022-07-14,202490,72,false,dalootrobber2121,2025-09-03T17:41:42Z,,"Hotel Ugly, under exclusive license to Amuseio AB",0.767,0.714,1,-6.623,0,0.0529,0.454,0.0102,0.137,0.799,139.999,4
spotify:track:0OmupNM2dP2QJvstyMMSCs,tony soprano.,tony soprano.,Brent Faiyaz,2025-07-04,182304,64,true,dalootrobber2121,2025-09-20T02:16:07Z,r&b,ISO Supremacy under exclusive license to UnitedMasters LLC,0.584,0.431,7,-9.926,0,0.0702,0.116,0.0000262,0.119,0.177,136.858,4
spotify:track:4XhrowM5IKGCRrY2HzYBH3,All I Do Is Think of You,Attitude,Troop,1989-10-20,229053,60,false,dalootrobber2121,2025-09-21T04:37:29Z,"new jack swing,quiet storm",Atlantic Records,0.534,0.7,8,-8.71,0,0.0446,0.0143,0,0.197,0.447,122.609,4
spotify:track:4xE6Vrfv6sm4jkr8mF0SNp,Ready Or Not,After7 (Expaded Edition),After 7,1989,274360,57,false,dalootrobber2121,2025-09-22T02:04:10Z,"new jack swing,quiet storm",Virgin Catalog,0.726,0.592,8,-11.623,0,0.0371,0.0606,0,0.0834,0.808,141.94,4
spotify:track:4j1Bk0BEIGCF9hR7cSwl9d,Candy Rain,Candy Rain,Soul For Real,1995,276066,71,false,dalootrobber2121,2025-09-24T02:35:51Z,"new jack swing,r&b",Geffen*,0.589,0.699,11,-7.529,0,0.0788,0.00389,0.0000476,0.0577,0.63,188.253,4
spotify:track:5u3rsmRYRSKJpFHXPT4p07,Every Little Thing I Do,Candy Rain,Soul For Real,1995,260066,64,false,dalootrobber2121,2025-09-24T02:36:21Z,"new jack swing,r&b",Geffen*,0.713,0.378,7,-9.04,0,0.0298,0.00561,0.00183,0.0845,0.29,99.055,4
spotify:track:6GGmABM6AMwMzEhK7szqJT,Pink Dolphin Sunset (feat. Tee),Alone At Prom,Tory Lanez;Tee,2021-12-10,212450,66,false,dalootrobber2121,2025-09-26T15:19:33Z,,One Umbrella Records,0.772,0.457,7,-8.359,1,0.0365,0.00193,0.00000171,0.0739,0.527,111.997,4
spotify:track:3Lj4DA8yaVF17X2buYZGJC,So Far Gone / Fast Life Bluez,Sonder Son,Brent Faiyaz,2017-10-13,331018,58,true,dalootrobber2121,2025-09-28T19:28:50Z,r&b,Lost Kids,0.511,0.439,9,-11.79,0,0.218,0.841,0.0000312,0.225,0.124,159.815,4
spotify:track:3JtlNOV0Huz9O9Ten4cUXV,All I Want,Sonder Son,Brent Faiyaz,2017-10-13,175327,57,false,dalootrobber2121,2025-09-28T19:28:57Z,r&b,Lost Kids,0.798,0.465,4,-9.849,0,0.0843,0.242,0.000268,0.102,0.892,83.042,4
spotify:track:0e0JshRej2NwT7jahEmv52,ROLLING STONE,WASTELAND,Brent Faiyaz,2022-07-08,162006,70,true,dalootrobber2121,2025-09-28T19:30:00Z,r&b,"Lost Kids LLC., Marketed by Venice / Stem",0.462,0.273,11,-11.768,0,0.0622,0.903,0.0000371,0.101,0.334,141.33,3
spotify:track:2JqkpMe2eJToJNHEqkJeCu,Forever Yours,Larger Than Life,Brent Faiyaz,2023-10-27,96368,74,true,dalootrobber2121,2025-09-28T19:43:48Z,r&b,ISO Supremacy under exclusive license to UnitedMasters LLC,0.646,0.503,2,-7.472,1,0.0312,0.00426,0.000279,0.652,0.789,137.007,4
spotify:track:0cZ9HBGWLZJS7UHCgWXOTZ,Last One Left (feat. Missy Elliott & Lil Gray),Larger Than Life,Brent Faiyaz;Lil Gray;Missy Elliott,2023-10-27,224598,55,true,dalootrobber2121,2025-09-28T19:43:53Z,"r&b,hip hop",ISO Supremacy under exclusive license to UnitedMasters LLC,0.763,0.409,6,-7.901,0,0.275,0.632,0.00000376,0.0907,0.571,138.819,4
spotify:track:1KiAtMAGayStCuLCH6EJAw,Hello?,diary 001,Clairo;Rejjie Snow,2018-05-25,135016,77,true,dalootrobber2121,2025-09-29T00:55:58Z,"bedroom pop,jazz rap",FADER Label,0.839,0.474,10,-7.835,0,0.0606,0.645,0.00053,0.0939,0.0635,98.732,4
spotify:track:4rzfXpou7FRHP1kIAerMCH,Too Much,Too Much,Avenoir,2024-06-21,230560,56,true,dalootrobber2121,2025-09-30T02:50:49Z,"dark r&b,alternative r&b,r&b","Avenoir, under exclusive license to LISTEN TO THE KIDS",0.452,0.373,9,-11.593,0,0.0384,0.795,0.0147,0.105,0.145,130.039,4
spotify:track:45mVT3DCE7AATXgESSdfee,Don't You Worry Baby (feat. Madison McFerrin),DON'T TAP THE GLASS,"Tyler, The Creator;Madison McFerrin",2025-07-21,178135,69,true,dalootrobber2121,2025-10-04T01:32:14Z,alternative r&b,Columbia,0.665,0.786,6,-5.34,0,0.0526,0.0625,0,0.715,0.456,118.641,4
spotify:track:0LJTfmgOMvlLd0u4HU9twm,Killshot,A Little Rhythm and a Wicked Feeling,Magdalena Bay,2020-03-13,236363,70,false,dalootrobber2121,2025-10-04T03:04:50Z,,Luminelle Recordings,0.726,0.53,4,-5.736,0,0.0518,0.000716,0.00211,0.0502,0.374,99.024,4
spotify:track:4Y6GIje3GErVRIq1Ff5BJq,Black Madonna,Social Cues,Cage The Elephant,2019-04-19,226533,63,false,dalootrobber2121,2025-10-12T23:25:24Z,,RCA Records Label,0.705,0.728,4,-3.184,0,0.035,0.00122,0.0693,0.0753,0.966,109.991,4
spotify:track:7q1rfAWSkb8AQpZCgEX3jq,Running on E,Running on E,Brent Faiyaz,2015-11-15,282040,66,true,dalootrobber2121,2025-10-13T02:14:37Z,r&b,Lost Kids,0.724,0.343,9,-11.791,1,0.0478,0.191,0.559,0.104,0.176,134.017,4
spotify:track:4F7A0DXBrmUAkp32uenhZt,Party Monster,Starboy,The Weeknd,2016-11-25,249213,78,true,dalootrobber2121,2025-10-21T15:55:32Z,,The Weeknd/Lyric,0.573,0.63,1,-8.389,1,0.105,0.189,0.0000231,0.259,0.218,77.525,4
spotify:track:41P6Tnd8KIHqON0QIydx6a,the perfect pair,Beatopia,beabadoobee,2022-07-15,177533,82,false,dalootrobber2121,2025-10-22T13:23:13Z,bedroom pop,Dirty Hit,0.634,0.663,11,-6.818,1,0.0331,0.433,0.124,0.102,0.6,146.053,4
spotify:track:64hwDkKZZHaxCpFOGC3AkW,The Mannequin Song,Ugly Duck,Hotel Ugly,2023-03-24,164210,58,false,dalootrobber2121,2025-10-22T19:14:55Z,,Hotel Ugly under exclusive license to Amuseio AB,0.526,0.607,1,-9.201,0,0.121,0.428,0.000043,0.109,0.338,129.846,4
spotify:track:7DfFc7a6Rwfi3YQMRbDMau,Thinkin Bout You,channel ORANGE,Frank Ocean,2012-07-10,200746,85,false,dalootrobber2121,2025-10-22T19:18:35Z,,Red Zone Entertainment / IDJ,0.721,0.339,0,-11.195,1,0.0532,0.409,0.00153,0.0973,0.2,129.83,4
spotify:track:4zEvxRDaKDoFlHxK7Hy0wg,Sunday,"Everybody Else Is Doing It, So Why Can't We?",The Cranberries,1993-03-01,211066,71,false,dalootrobber2121,2025-11-11T23:46:12Z,,Island Records,0.329,0.565,0,-13.103,1,0.0335,0.0614,0.0000197,0.126,0.167,108.859,4
spotify:track:7aQjPecQdIuNd1sz3KCDhD,Lovefool,First Band On The Moon (Remastered),The Cardigans,1996-01-01,193953,83,false,dalootrobber2121,2025-11-12T02:30:27Z,swedish pop,Universal Music AB,0.704,0.636,9,-6.029,1,0.0252,0.0344,0,0.35,0.89,111.845,4
spotify:track:71BWZa1liIRyUiuJ3MB66o,I Know You,Faye Webster,Faye Webster,2017-05-12,251666,77,false,dalootrobber2121,2025-11-12T02:45:20Z,,Secretly Canadian,0.454,0.385,10,-12.849,1,0.0313,0.287,0.0000997,0.0616,0.144,154.918,4
spotify:track:1xaTREM89RbIxkcjlpf4Uw,Heaven Knows I'm Miserable Now - 2011 Remaster,Hatful of Hollow,The Smiths,1984,215760,81,false,dalootrobber2121,2025-11-12T04:09:12Z,"new wave,madchester,jangle pop",WM UK,0.609,0.759,6,-4.862,1,0.0276,0.028,0,0.183,0.774,114.045,4
spotify:track:0pUVeEgZuNyFzIMKp67RbS,Eyes Without A Face,Rebel Yell,Billy Idol,1983-11-01,299240,85,false,dalootrobber2121,2025-11-12T10:26:42Z,,CAPITOL CATALOG MKT (C92),0.54,0.816,9,-6.197,1,0.0421,0.0177,0.00226,0.276,0.658,85.563,4
spotify:track:1XR1X1VTyTOVdPgH18RdME,Is It a Crime,Promise,Sade,1985-11-04,381133,74,false,dalootrobber2121,2025-11-21T05:28:07Z,,Sony Music UK,0.452,0.377,5,-10.138,0,0.0324,0.22,0.00588,0.212,0.532,122.423,3
spotify:track:1oaaSrDJimABpOdCEbw2DJ,No Ordinary Love,Love Deluxe,Sade,1992-10-26,440466,76,false,dalootrobber2121,2025-11-21T05:28:30Z,,Epic,0.629,0.364,11,-12.259,0,0.038,0.467,0.0204,0.0941,0.701,166.266,4
spotify:track:4tReFKumS5bcFahdXDiM1b,Paradise,The Best of Sade,Sade,1994-10-31,217466,78,false,dalootrobber2121,2025-11-21T05:28:49Z,,Epic,0.738,0.792,1,-7.873,1,0.0378,0.309,0.39,0.0679,0.968,99.817,4
spotify:track:0y60itmpH0aPKsFiGxmtnh,Wait a Minute!,ARDIPITHECUS,WILLOW,2015-01-11,196520,84,false,dalootrobber2121,2025-12-12T05:44:30Z,,Roc Nation W Smith P&D,0.764,0.705,3,-5.279,0,0.0278,0.0371,0.0000194,0.0943,0.672,101.003,4
spotify:track:0myRViRgmQ3J8izICXEAVO,I Thought I Saw Your Face Today,Volume One,She & Him,2008-03-18,170333,92,false,dalootrobber2121,2026-01-12T05:05:54Z,christmas,Merge Records,0.359,0.551,7,-7.631,1,0.0327,0.33,0.000837,0.298,0.526,158.355,4
spotify:track:3XVBdLihbNbxUwZosxcGuJ,If I Ain't Got You,The Diary Of Alicia Keys,Alicia Keys,2003-12-02,228706,84,false,dalootrobber2121,2026-01-14T02:23:12Z,"r&b,neo soul",J Records,0.609,0.444,7,-9.129,1,0.106,0.603,0.00000686,0.104,0.166,118.402,3
spotify:track:0sKfhhj6hYyJIXnTiZV9vf,The Sweetest Taboo,Promise,Sade,1985-11-04,277373,72,false,dalootrobber2121,2026-01-15T22:18:17Z,,Sony Music UK,0.752,0.823,10,-9.455,0,0.0447,0.128,0.0098,0.303,0.962,91.563,4
spotify:track:2xsTsnA5QOFCnFXdEHGkli,STAY HERE 4 LIFE (feat. Brent Faiyaz),Don't Be Dumb,A$AP Rocky;Brent Faiyaz,2026-01-16,346093,83,true,dalootrobber2121,2026-01-23T23:00:20Z,"rap,r&b",A$AP Worldwide/RCA Records,0.551,0.531,11,-10.042,1,0.272,0.524,0,0.471,0.499,115.233,4
spotify:track:3oTuTpF1F3A7rEC6RKsMRz,Raindance (feat. Tems),The Boy Who Played the Harp,Dave;Tems,2025-10-23,219743,94,true,dalootrobber2121,2026-02-02T06:47:42Z,"grime,uk grime,uk drill,drill,afrobeats,afro r&b,alté,afrobeat",Neighbourhood,0.796,0.741,1,-6.815,1,0.0789,0.236,0.0619,0.103,0.249,107,4
spotify:track:6fACn9e0wdMIWZa9CZJym8,full moon. (fall in tokyo) [bonus track],Icon (Director's Cut),Brent Faiyaz,2026-02-16,192030,73,false,dalootrobber2121,2026-02-17T00:36:57Z,r&b,ISO Supremacy under exclusive license to UnitedMasters LLC,0.637,0.375,11,-10.718,1,0.0652,0.329,0,0.101,0.296,75.006,4
spotify:track:5TQPUR6Mkc7hhCC00hwMav,1 for you. (spring in new york) [bonus track],Icon (Director's Cut),Brent Faiyaz,2026-02-16,161054,74,false,dalootrobber2121,2026-02-17T00:40:40Z,r&b,ISO Supremacy under exclusive license to UnitedMasters LLC,0.594,0.36,9,-10.962,1,0.0677,0.617,0.000019,0.0791,0.33,81.996,4
spotify:track:6XCZ9Fype7cM3Ls3VQCA0n,butterflies.,Icon (Director's Cut),Brent Faiyaz,2026-02-16,248297,67,false,dalootrobber2121,2026-02-17T00:45:29Z,r&b,ISO Supremacy under exclusive license to UnitedMasters LLC,0.38,0.352,0,-9.827,1,0.0749,0.54,0,0.141,0.311,83.692,4
spotify:track:2iZ9yiTcL1iywzSUZxlJrZ,other side.,Icon,Brent Faiyaz,2026-02-13,195015,78,false,dalootrobber2121,2026-02-23T20:45:51Z,r&b,ISO Supremacy under exclusive license to UnitedMasters LLC,0.726,0.725,7,-7.467,1,0.0518,0.00582,0.0000093,0.0875,0.629,107.131,4
